cohort_month,initial_users,month_index,retained_users,retention_rate_pct
2019-01-01,5,0,5,100
2019-01-01,5,4,1,20
2019-01-01,5,8,1,20
2019-01-01,5,36,1,20
2019-02-01,15,0,15,100
2019-02-01,15,5,1,6.67
2019-02-01,15,9,1,6.67
2019-02-01,15,17,1,6.67
2019-02-01,15,31,1,6.67
2019-02-01,15,33,1,6.67
2019-02-01,15,54,1,6.67
2019-02-01,15,56,1,6.67
2019-02-01,15,60,1,6.67
2019-02-01,15,61,1,6.67
2019-02-01,15,62,1,6.67
2019-02-01,15,66,1,6.67
2019-02-01,15,86,1,6.67
2019-03-01,27,0,27,100
2019-03-01,27,3,1,3.7
2019-03-01,27,4,1,3.7
2019-03-01,27,9,1,3.7
2019-03-01,27,15,1,3.7
2019-03-01,27,20,1,3.7
2019-03-01,27,37,1,3.7
2019-03-01,27,46,1,3.7
2019-03-01,27,55,1,3.7
2019-03-01,27,64,1,3.7
2019-03-01,27,65,1,3.7
2019-03-01,27,67,1,3.7
2019-03-01,27,74,1,3.7
2019-03-01,27,76,1,3.7
2019-03-01,27,84,1,3.7
2019-03-01,27,89,1,3.7
2019-04-01,34,0,34,100
2019-04-01,34,3,2,5.88
2019-04-01,34,8,1,2.94
2019-04-01,34,10,1,2.94
2019-04-01,34,12,1,2.94
2019-04-01,34,15,2,5.88
2019-04-01,34,17,1,2.94
2019-04-01,34,22,1,2.94
2019-04-01,34,24,3,8.82
2019-04-01,34,29,1,2.94
2019-04-01,34,44,1,2.94
2019-04-01,34,48,1,2.94
2019-04-01,34,51,1,2.94
2019-04-01,34,57,1,2.94
2019-04-01,34,62,1,2.94
2019-04-01,34,65,1,2.94
2019-04-01,34,77,1,2.94
2019-04-01,34,80,1,2.94
2019-04-01,34,86,2,5.88
2019-05-01,45,0,45,100
2019-05-01,45,2,1,2.22
2019-05-01,45,3,2,4.44
2019-05-01,45,6,1,2.22
2019-05-01,45,7,1,2.22
2019-05-01,45,8,3,6.67
2019-05-01,45,11,1,2.22
2019-05-01,45,13,2,4.44
2019-05-01,45,14,1,2.22
2019-05-01,45,15,1,2.22
2019-05-01,45,16,2,4.44
2019-05-01,45,17,2,4.44
2019-05-01,45,23,1,2.22
2019-05-01,45,24,1,2.22
2019-05-01,45,29,2,4.44
2019-05-01,45,31,1,2.22
2019-05-01,45,32,1,2.22
2019-05-01,45,35,1,2.22
2019-05-01,45,36,2,4.44
2019-05-01,45,43,1,2.22
2019-05-01,45,46,1,2.22
2019-05-01,45,48,1,2.22
2019-05-01,45,50,1,2.22
2019-05-01,45,59,1,2.22
2019-05-01,45,62,1,2.22
2019-05-01,45,63,1,2.22
2019-05-01,45,64,2,4.44
2019-05-01,45,65,1,2.22
2019-05-01,45,66,1,2.22
2019-05-01,45,69,1,2.22
2019-05-01,45,72,1,2.22
2019-05-01,45,74,2,4.44
2019-05-01,45,79,2,4.44
2019-05-01,45,82,1,2.22
2019-05-01,45,83,1,2.22
2019-05-01,45,86,4,8.89
2019-05-01,45,88,1,2.22
2019-06-01,60,0,60,100
2019-06-01,60,1,1,1.67
2019-06-01,60,3,1,1.67
2019-06-01,60,4,2,3.33
2019-06-01,60,5,1,1.67
2019-06-01,60,10,1,1.67
2019-06-01,60,15,1,1.67
2019-06-01,60,19,1,1.67
2019-06-01,60,20,1,1.67
2019-06-01,60,21,1,1.67
2019-06-01,60,22,1,1.67
2019-06-01,60,26,1,1.67
2019-06-01,60,27,1,1.67
2019-06-01,60,28,1,1.67
2019-06-01,60,29,1,1.67
2019-06-01,60,30,1,1.67
2019-06-01,60,31,1,1.67
2019-06-01,60,35,1,1.67
2019-06-01,60,36,2,3.33
2019-06-01,60,38,1,1.67
2019-06-01,60,41,1,1.67
2019-06-01,60,45,1,1.67
2019-06-01,60,46,1,1.67
2019-06-01,60,47,1,1.67
2019-06-01,60,48,1,1.67
2019-06-01,60,51,2,3.33
2019-06-01,60,52,1,1.67
2019-06-01,60,57,1,1.67
2019-06-01,60,58,1,1.67
2019-06-01,60,60,1,1.67
2019-06-01,60,62,1,1.67
2019-06-01,60,64,1,1.67
2019-06-01,60,65,1,1.67
2019-06-01,60,66,1,1.67
2019-06-01,60,68,1,1.67
2019-06-01,60,70,2,3.33
2019-06-01,60,71,2,3.33
2019-06-01,60,73,1,1.67
2019-06-01,60,75,1,1.67
2019-06-01,60,76,1,1.67
2019-06-01,60,77,2,3.33
2019-06-01,60,82,1,1.67
2019-06-01,60,85,2,3.33
2019-07-01,59,0,59,100
2019-07-01,59,1,2,3.39
2019-07-01,59,6,1,1.69
2019-07-01,59,9,1,1.69
2019-07-01,59,10,2,3.39
2019-07-01,59,11,1,1.69
2019-07-01,59,12,1,1.69
2019-07-01,59,13,1,1.69
2019-07-01,59,14,1,1.69
2019-07-01,59,18,1,1.69
2019-07-01,59,27,1,1.69
2019-07-01,59,28,1,1.69
2019-07-01,59,31,3,5.08
2019-07-01,59,38,1,1.69
2019-07-01,59,39,1,1.69
2019-07-01,59,41,1,1.69
2019-07-01,59,43,2,3.39
2019-07-01,59,44,3,5.08
2019-07-01,59,45,1,1.69
2019-07-01,59,48,1,1.69
2019-07-01,59,49,1,1.69
2019-07-01,59,51,2,3.39
2019-07-01,59,57,1,1.69
2019-07-01,59,58,1,1.69
2019-07-01,59,62,1,1.69
2019-07-01,59,64,1,1.69
2019-07-01,59,65,1,1.69
2019-07-01,59,71,1,1.69
2019-07-01,59,83,4,6.78
2019-07-01,59,84,1,1.69
2019-07-01,59,86,2,3.39
2019-08-01,95,0,95,100
2019-08-01,95,6,1,1.05
2019-08-01,95,7,1,1.05
2019-08-01,95,8,1,1.05
2019-08-01,95,9,1,1.05
2019-08-01,95,11,1,1.05
2019-08-01,95,12,1,1.05
2019-08-01,95,15,1,1.05
2019-08-01,95,19,1,1.05
2019-08-01,95,28,1,1.05
2019-08-01,95,29,1,1.05
2019-08-01,95,31,2,2.11
2019-08-01,95,32,1,1.05
2019-08-01,95,33,1,1.05
2019-08-01,95,34,2,2.11
2019-08-01,95,37,1,1.05
2019-08-01,95,39,3,3.16
2019-08-01,95,40,1,1.05
2019-08-01,95,41,2,2.11
2019-08-01,95,42,2,2.11
2019-08-01,95,43,1,1.05
2019-08-01,95,46,3,3.16
2019-08-01,95,47,2,2.11
2019-08-01,95,48,2,2.11
2019-08-01,95,49,3,3.16
2019-08-01,95,51,2,2.11
2019-08-01,95,52,1,1.05
2019-08-01,95,55,2,2.11
2019-08-01,95,57,1,1.05
2019-08-01,95,59,1,1.05
2019-08-01,95,60,2,2.11
2019-08-01,95,61,2,2.11
2019-08-01,95,64,3,3.16
2019-08-01,95,66,2,2.11
2019-08-01,95,68,3,3.16
2019-08-01,95,69,2,2.11
2019-08-01,95,72,1,1.05
2019-08-01,95,73,1,1.05
2019-08-01,95,74,1,1.05
2019-08-01,95,75,2,2.11
2019-08-01,95,77,1,1.05
2019-08-01,95,79,1,1.05
2019-08-01,95,80,2,2.11
2019-08-01,95,81,2,2.11
2019-08-01,95,83,1,1.05
2019-08-01,95,85,1,1.05
2019-09-01,101,0,101,100
2019-09-01,101,2,1,0.99
2019-09-01,101,4,2,1.98
2019-09-01,101,5,1,0.99
2019-09-01,101,6,1,0.99
2019-09-01,101,7,1,0.99
2019-09-01,101,9,1,0.99
2019-09-01,101,10,2,1.98
2019-09-01,101,12,2,1.98
2019-09-01,101,13,1,0.99
2019-09-01,101,15,1,0.99
2019-09-01,101,16,2,1.98
2019-09-01,101,18,1,0.99
2019-09-01,101,19,1,0.99
2019-09-01,101,20,1,0.99
2019-09-01,101,21,1,0.99
2019-09-01,101,23,1,0.99
2019-09-01,101,26,1,0.99
2019-09-01,101,28,2,1.98
2019-09-01,101,31,1,0.99
2019-09-01,101,32,1,0.99
2019-09-01,101,33,1,0.99
2019-09-01,101,35,1,0.99
2019-09-01,101,36,1,0.99
2019-09-01,101,38,1,0.99
2019-09-01,101,40,2,1.98
2019-09-01,101,42,1,0.99
2019-09-01,101,43,1,0.99
2019-09-01,101,46,1,0.99
2019-09-01,101,47,2,1.98
2019-09-01,101,50,2,1.98
2019-09-01,101,52,1,0.99
2019-09-01,101,53,3,2.97
2019-09-01,101,57,1,0.99
2019-09-01,101,58,2,1.98
2019-09-01,101,61,2,1.98
2019-09-01,101,63,1,0.99
2019-09-01,101,64,1,0.99
2019-09-01,101,65,1,0.99
2019-09-01,101,66,1,0.99
2019-09-01,101,68,2,1.98
2019-09-01,101,69,1,0.99
2019-09-01,101,70,2,1.98
2019-09-01,101,71,1,0.99
2019-09-01,101,74,1,0.99
2019-09-01,101,78,1,0.99
2019-09-01,101,83,1,0.99
2019-10-01,88,0,88,100
2019-10-01,88,1,2,2.27
2019-10-01,88,3,2,2.27
2019-10-01,88,5,1,1.14
2019-10-01,88,6,1,1.14
2019-10-01,88,7,1,1.14
2019-10-01,88,14,2,2.27
2019-10-01,88,16,2,2.27
2019-10-01,88,17,1,1.14
2019-10-01,88,18,1,1.14
2019-10-01,88,21,1,1.14
2019-10-01,88,24,1,1.14
2019-10-01,88,26,1,1.14
2019-10-01,88,27,2,2.27
2019-10-01,88,28,1,1.14
2019-10-01,88,29,1,1.14
2019-10-01,88,30,2,2.27
2019-10-01,88,31,1,1.14
2019-10-01,88,33,2,2.27
2019-10-01,88,34,1,1.14
2019-10-01,88,35,1,1.14
2019-10-01,88,38,2,2.27
2019-10-01,88,42,1,1.14
2019-10-01,88,44,2,2.27
2019-10-01,88,48,2,2.27
2019-10-01,88,49,1,1.14
2019-10-01,88,52,2,2.27
2019-10-01,88,54,1,1.14
2019-10-01,88,55,1,1.14
2019-10-01,88,58,1,1.14
2019-10-01,88,60,2,2.27
2019-10-01,88,62,2,2.27
2019-10-01,88,64,1,1.14
2019-10-01,88,65,1,1.14
2019-10-01,88,66,1,1.14
2019-10-01,88,70,2,2.27
2019-10-01,88,72,1,1.14
2019-10-01,88,74,1,1.14
2019-10-01,88,77,1,1.14
2019-10-01,88,78,2,2.27
2019-10-01,88,79,1,1.14
2019-10-01,88,80,1,1.14
2019-10-01,88,82,1,1.14
2019-10-01,88,83,1,1.14
2019-11-01,99,0,99,100
2019-11-01,99,1,1,1.01
2019-11-01,99,4,1,1.01
2019-11-01,99,5,2,2.02
2019-11-01,99,9,1,1.01
2019-11-01,99,10,2,2.02
2019-11-01,99,13,1,1.01
2019-11-01,99,14,2,2.02
2019-11-01,99,17,1,1.01
2019-11-01,99,18,1,1.01
2019-11-01,99,22,3,3.03
2019-11-01,99,25,1,1.01
2019-11-01,99,26,3,3.03
2019-11-01,99,29,1,1.01
2019-11-01,99,30,1,1.01
2019-11-01,99,33,1,1.01
2019-11-01,99,34,1,1.01
2019-11-01,99,35,1,1.01
2019-11-01,99,36,1,1.01
2019-11-01,99,39,1,1.01
2019-11-01,99,40,1,1.01
2019-11-01,99,41,1,1.01
2019-11-01,99,42,1,1.01
2019-11-01,99,43,1,1.01
2019-11-01,99,44,1,1.01
2019-11-01,99,45,1,1.01
2019-11-01,99,48,2,2.02
2019-11-01,99,49,1,1.01
2019-11-01,99,50,1,1.01
2019-11-01,99,56,2,2.02
2019-11-01,99,57,2,2.02
2019-11-01,99,59,1,1.01
2019-11-01,99,62,1,1.01
2019-11-01,99,63,3,3.03
2019-11-01,99,67,2,2.02
2019-11-01,99,68,1,1.01
2019-11-01,99,69,1,1.01
2019-11-01,99,71,1,1.01
2019-11-01,99,74,3,3.03
2019-11-01,99,75,2,2.02
2019-11-01,99,76,2,2.02
2019-11-01,99,77,1,1.01
2019-11-01,99,78,2,2.02
2019-12-01,119,0,119,100
2019-12-01,119,3,1,0.84
2019-12-01,119,5,1,0.84
2019-12-01,119,6,2,1.68
2019-12-01,119,8,2,1.68
2019-12-01,119,9,1,0.84
2019-12-01,119,15,2,1.68
2019-12-01,119,16,1,0.84
2019-12-01,119,17,1,0.84
2019-12-01,119,19,3,2.52
2019-12-01,119,21,1,0.84
2019-12-01,119,23,2,1.68
2019-12-01,119,25,2,1.68
2019-12-01,119,26,2,1.68
2019-12-01,119,27,2,1.68
2019-12-01,119,28,2,1.68
2019-12-01,119,29,2,1.68
2019-12-01,119,30,1,0.84
2019-12-01,119,33,2,1.68
2019-12-01,119,34,1,0.84
2019-12-01,119,35,1,0.84
2019-12-01,119,36,1,0.84
2019-12-01,119,42,1,0.84
2019-12-01,119,43,1,0.84
2019-12-01,119,46,1,0.84
2019-12-01,119,49,1,0.84
2019-12-01,119,50,2,1.68
2019-12-01,119,51,3,2.52
2019-12-01,119,52,1,0.84
2019-12-01,119,53,3,2.52
2019-12-01,119,54,1,0.84
2019-12-01,119,55,2,1.68
2019-12-01,119,60,1,0.84
2019-12-01,119,61,2,1.68
2019-12-01,119,63,3,2.52
2019-12-01,119,65,4,3.36
2019-12-01,119,66,2,1.68
2019-12-01,119,67,3,2.52
2019-12-01,119,69,1,0.84
2019-12-01,119,71,2,1.68
2019-12-01,119,72,1,0.84
2019-12-01,119,74,2,1.68
2019-12-01,119,75,1,0.84
2019-12-01,119,76,2,1.68
2019-12-01,119,77,3,2.52
2019-12-01,119,79,3,2.52
2019-12-01,119,81,1,0.84
2020-01-01,143,0,143,100
2020-01-01,143,1,1,0.7
2020-01-01,143,2,2,1.4
2020-01-01,143,3,2,1.4
2020-01-01,143,4,1,0.7
2020-01-01,143,5,1,0.7
2020-01-01,143,7,1,0.7
2020-01-01,143,8,3,2.1
2020-01-01,143,9,1,0.7
2020-01-01,143,10,1,0.7
2020-01-01,143,11,2,1.4
2020-01-01,143,12,1,0.7
2020-01-01,143,13,2,1.4
2020-01-01,143,14,3,2.1
2020-01-01,143,17,4,2.8
2020-01-01,143,19,1,0.7
2020-01-01,143,21,1,0.7
2020-01-01,143,22,1,0.7
2020-01-01,143,24,2,1.4
2020-01-01,143,28,1,0.7
2020-01-01,143,30,1,0.7
2020-01-01,143,31,2,1.4
2020-01-01,143,32,1,0.7
2020-01-01,143,34,3,2.1
2020-01-01,143,36,4,2.8
2020-01-01,143,39,1,0.7
2020-01-01,143,40,1,0.7
2020-01-01,143,41,1,0.7
2020-01-01,143,44,1,0.7
2020-01-01,143,45,2,1.4
2020-01-01,143,46,1,0.7
2020-01-01,143,47,2,1.4
2020-01-01,143,49,1,0.7
2020-01-01,143,52,4,2.8
2020-01-01,143,53,2,1.4
2020-01-01,143,54,1,0.7
2020-01-01,143,57,2,1.4
2020-01-01,143,58,2,1.4
2020-01-01,143,61,2,1.4
2020-01-01,143,62,1,0.7
2020-01-01,143,64,1,0.7
2020-01-01,143,65,1,0.7
2020-01-01,143,66,3,2.1
2020-01-01,143,67,1,0.7
2020-01-01,143,69,2,1.4
2020-01-01,143,71,2,1.4
2020-01-01,143,72,1,0.7
2020-01-01,143,74,4,2.8
2020-01-01,143,76,1,0.7
2020-01-01,143,77,2,1.4
2020-01-01,143,78,2,1.4
2020-02-01,140,0,140,100
2020-02-01,140,1,1,0.71
2020-02-01,140,2,1,0.71
2020-02-01,140,3,1,0.71
2020-02-01,140,4,2,1.43
2020-02-01,140,6,2,1.43
2020-02-01,140,8,2,1.43
2020-02-01,140,10,2,1.43
2020-02-01,140,13,2,1.43
2020-02-01,140,15,2,1.43
2020-02-01,140,16,4,2.86
2020-02-01,140,17,2,1.43
2020-02-01,140,19,2,1.43
2020-02-01,140,23,1,0.71
2020-02-01,140,25,1,0.71
2020-02-01,140,26,2,1.43
2020-02-01,140,28,1,0.71
2020-02-01,140,29,1,0.71
2020-02-01,140,30,1,0.71
2020-02-01,140,32,2,1.43
2020-02-01,140,33,3,2.14
2020-02-01,140,35,1,0.71
2020-02-01,140,36,1,0.71
2020-02-01,140,38,2,1.43
2020-02-01,140,39,1,0.71
2020-02-01,140,40,1,0.71
2020-02-01,140,41,1,0.71
2020-02-01,140,42,2,1.43
2020-02-01,140,45,2,1.43
2020-02-01,140,47,1,0.71
2020-02-01,140,49,1,0.71
2020-02-01,140,51,1,0.71
2020-02-01,140,52,1,0.71
2020-02-01,140,53,1,0.71
2020-02-01,140,54,1,0.71
2020-02-01,140,55,3,2.14
2020-02-01,140,56,2,1.43
2020-02-01,140,57,1,0.71
2020-02-01,140,58,1,0.71
2020-02-01,140,59,1,0.71
2020-02-01,140,60,1,0.71
2020-02-01,140,61,1,0.71
2020-02-01,140,62,3,2.14
2020-02-01,140,63,1,0.71
2020-02-01,140,64,1,0.71
2020-02-01,140,65,1,0.71
2020-02-01,140,66,1,0.71
2020-02-01,140,67,2,1.43
2020-02-01,140,68,1,0.71
2020-02-01,140,71,1,0.71
2020-02-01,140,72,2,1.43
2020-02-01,140,74,2,1.43
2020-02-01,140,75,1,0.71
2020-02-01,140,76,1,0.71
2020-02-01,140,77,1,0.71
2020-02-01,140,78,1,0.71
2020-02-01,140,79,3,2.14
2020-03-01,177,0,177,100
2020-03-01,177,1,1,0.56
2020-03-01,177,2,1,0.56
2020-03-01,177,3,3,1.69
2020-03-01,177,4,2,1.13
2020-03-01,177,5,1,0.56
2020-03-01,177,7,2,1.13
2020-03-01,177,8,5,2.82
2020-03-01,177,9,1,0.56
2020-03-01,177,10,1,0.56
2020-03-01,177,11,1,0.56
2020-03-01,177,12,1,0.56
2020-03-01,177,13,1,0.56
2020-03-01,177,14,3,1.69
2020-03-01,177,15,1,0.56
2020-03-01,177,16,1,0.56
2020-03-01,177,18,1,0.56
2020-03-01,177,20,1,0.56
2020-03-01,177,21,3,1.69
2020-03-01,177,22,4,2.26
2020-03-01,177,23,3,1.69
2020-03-01,177,26,3,1.69
2020-03-01,177,27,4,2.26
2020-03-01,177,28,2,1.13
2020-03-01,177,29,3,1.69
2020-03-01,177,30,1,0.56
2020-03-01,177,31,1,0.56
2020-03-01,177,32,2,1.13
2020-03-01,177,33,2,1.13
2020-03-01,177,34,1,0.56
2020-03-01,177,35,1,0.56
2020-03-01,177,36,3,1.69
2020-03-01,177,37,1,0.56
2020-03-01,177,38,3,1.69
2020-03-01,177,39,3,1.69
2020-03-01,177,40,5,2.82
2020-03-01,177,41,1,0.56
2020-03-01,177,42,3,1.69
2020-03-01,177,43,2,1.13
2020-03-01,177,44,1,0.56
2020-03-01,177,45,1,0.56
2020-03-01,177,46,2,1.13
2020-03-01,177,47,3,1.69
2020-03-01,177,48,2,1.13
2020-03-01,177,50,2,1.13
2020-03-01,177,51,2,1.13
2020-03-01,177,52,1,0.56
2020-03-01,177,53,2,1.13
2020-03-01,177,54,1,0.56
2020-03-01,177,55,2,1.13
2020-03-01,177,56,2,1.13
2020-03-01,177,60,1,0.56
2020-03-01,177,61,3,1.69
2020-03-01,177,62,3,1.69
2020-03-01,177,63,1,0.56
2020-03-01,177,64,1,0.56
2020-03-01,177,65,2,1.13
2020-03-01,177,67,2,1.13
2020-03-01,177,68,3,1.69
2020-03-01,177,71,1,0.56
2020-03-01,177,72,1,0.56
2020-03-01,177,75,2,1.13
2020-03-01,177,76,1,0.56
2020-03-01,177,77,2,1.13
2020-03-01,177,78,3,1.69
2020-04-01,180,0,180,100
2020-04-01,180,1,1,0.56
2020-04-01,180,3,1,0.56
2020-04-01,180,5,1,0.56
2020-04-01,180,6,4,2.22
2020-04-01,180,7,2,1.11
2020-04-01,180,8,1,0.56
2020-04-01,180,10,1,0.56
2020-04-01,180,11,1,0.56
2020-04-01,180,12,2,1.11
2020-04-01,180,13,3,1.67
2020-04-01,180,14,2,1.11
2020-04-01,180,15,2,1.11
2020-04-01,180,16,3,1.67
2020-04-01,180,17,2,1.11
2020-04-01,180,18,2,1.11
2020-04-01,180,19,1,0.56
2020-04-01,180,21,2,1.11
2020-04-01,180,22,3,1.67
2020-04-01,180,23,1,0.56
2020-04-01,180,24,3,1.67
2020-04-01,180,25,2,1.11
2020-04-01,180,27,2,1.11
2020-04-01,180,28,3,1.67
2020-04-01,180,29,2,1.11
2020-04-01,180,30,1,0.56
2020-04-01,180,31,2,1.11
2020-04-01,180,32,1,0.56
2020-04-01,180,35,1,0.56
2020-04-01,180,37,3,1.67
2020-04-01,180,38,3,1.67
2020-04-01,180,39,4,2.22
2020-04-01,180,42,1,0.56
2020-04-01,180,43,2,1.11
2020-04-01,180,44,1,0.56
2020-04-01,180,45,3,1.67
2020-04-01,180,46,1,0.56
2020-04-01,180,47,6,3.33
2020-04-01,180,48,2,1.11
2020-04-01,180,49,1,0.56
2020-04-01,180,50,1,0.56
2020-04-01,180,51,1,0.56
2020-04-01,180,53,2,1.11
2020-04-01,180,54,5,2.78
2020-04-01,180,55,2,1.11
2020-04-01,180,56,1,0.56
2020-04-01,180,57,2,1.11
2020-04-01,180,58,2,1.11
2020-04-01,180,59,1,0.56
2020-04-01,180,62,1,0.56
2020-04-01,180,63,1,0.56
2020-04-01,180,64,1,0.56
2020-04-01,180,65,3,1.67
2020-04-01,180,66,3,1.67
2020-04-01,180,68,1,0.56
2020-04-01,180,69,2,1.11
2020-04-01,180,70,3,1.67
2020-04-01,180,71,3,1.67
2020-04-01,180,72,1,0.56
2020-04-01,180,73,3,1.67
2020-04-01,180,74,2,1.11
2020-04-01,180,77,2,1.11
2020-05-01,177,0,177,100
2020-05-01,177,2,1,0.56
2020-05-01,177,3,3,1.69
2020-05-01,177,4,2,1.13
2020-05-01,177,5,2,1.13
2020-05-01,177,6,2,1.13
2020-05-01,177,7,1,0.56
2020-05-01,177,8,1,0.56
2020-05-01,177,9,1,0.56
2020-05-01,177,10,1,0.56
2020-05-01,177,11,1,0.56
2020-05-01,177,13,2,1.13
2020-05-01,177,14,2,1.13
2020-05-01,177,15,1,0.56
2020-05-01,177,16,5,2.82
2020-05-01,177,17,1,0.56
2020-05-01,177,18,2,1.13
2020-05-01,177,19,4,2.26
2020-05-01,177,20,2,1.13
2020-05-01,177,21,2,1.13
2020-05-01,177,22,3,1.69
2020-05-01,177,23,2,1.13
2020-05-01,177,25,1,0.56
2020-05-01,177,26,1,0.56
2020-05-01,177,28,4,2.26
2020-05-01,177,29,3,1.69
2020-05-01,177,30,1,0.56
2020-05-01,177,31,1,0.56
2020-05-01,177,32,1,0.56
2020-05-01,177,33,1,0.56
2020-05-01,177,34,3,1.69
2020-05-01,177,35,1,0.56
2020-05-01,177,37,2,1.13
2020-05-01,177,38,1,0.56
2020-05-01,177,39,1,0.56
2020-05-01,177,41,4,2.26
2020-05-01,177,42,1,0.56
2020-05-01,177,43,2,1.13
2020-05-01,177,45,3,1.69
2020-05-01,177,46,2,1.13
2020-05-01,177,47,3,1.69
2020-05-01,177,49,3,1.69
2020-05-01,177,50,1,0.56
2020-05-01,177,51,1,0.56
2020-05-01,177,52,3,1.69
2020-05-01,177,53,2,1.13
2020-05-01,177,54,2,1.13
2020-05-01,177,56,2,1.13
2020-05-01,177,57,1,0.56
2020-05-01,177,58,1,0.56
2020-05-01,177,59,3,1.69
2020-05-01,177,60,2,1.13
2020-05-01,177,61,2,1.13
2020-05-01,177,62,2,1.13
2020-05-01,177,63,4,2.26
2020-05-01,177,65,3,1.69
2020-05-01,177,67,2,1.13
2020-05-01,177,68,2,1.13
2020-05-01,177,70,4,2.26
2020-05-01,177,71,4,2.26
2020-05-01,177,72,1,0.56
2020-05-01,177,73,2,1.13
2020-05-01,177,74,2,1.13
2020-05-01,177,75,2,1.13
2020-05-01,177,76,4,2.26
2020-06-01,201,0,201,100
2020-06-01,201,1,1,0.5
2020-06-01,201,2,3,1.49
2020-06-01,201,3,3,1.49
2020-06-01,201,4,1,0.5
2020-06-01,201,5,5,2.49
2020-06-01,201,6,4,1.99
2020-06-01,201,8,2,1
2020-06-01,201,9,1,0.5
2020-06-01,201,10,3,1.49
2020-06-01,201,11,3,1.49
2020-06-01,201,12,3,1.49
2020-06-01,201,13,3,1.49
2020-06-01,201,15,1,0.5
2020-06-01,201,16,1,0.5
2020-06-01,201,17,1,0.5
2020-06-01,201,18,2,1
2020-06-01,201,21,2,1
2020-06-01,201,22,3,1.49
2020-06-01,201,23,2,1
2020-06-01,201,24,3,1.49
2020-06-01,201,25,1,0.5
2020-06-01,201,27,2,1
2020-06-01,201,29,1,0.5
2020-06-01,201,30,2,1
2020-06-01,201,32,1,0.5
2020-06-01,201,33,1,0.5
2020-06-01,201,34,4,1.99
2020-06-01,201,35,3,1.49
2020-06-01,201,36,3,1.49
2020-06-01,201,37,2,1
2020-06-01,201,38,1,0.5
2020-06-01,201,39,3,1.49
2020-06-01,201,42,3,1.49
2020-06-01,201,43,3,1.49
2020-06-01,201,44,2,1
2020-06-01,201,45,1,0.5
2020-06-01,201,46,1,0.5
2020-06-01,201,48,1,0.5
2020-06-01,201,49,3,1.49
2020-06-01,201,50,4,1.99
2020-06-01,201,51,4,1.99
2020-06-01,201,52,4,1.99
2020-06-01,201,53,1,0.5
2020-06-01,201,54,1,0.5
2020-06-01,201,55,3,1.49
2020-06-01,201,56,1,0.5
2020-06-01,201,57,3,1.49
2020-06-01,201,58,3,1.49
2020-06-01,201,59,6,2.99
2020-06-01,201,60,2,1
2020-06-01,201,61,5,2.49
2020-06-01,201,62,3,1.49
2020-06-01,201,65,3,1.49
2020-06-01,201,66,3,1.49
2020-06-01,201,67,2,1
2020-06-01,201,68,2,1
2020-06-01,201,69,3,1.49
2020-06-01,201,70,1,0.5
2020-06-01,201,71,2,1
2020-06-01,201,72,3,1.49
2020-06-01,201,73,2,1
2020-06-01,201,75,1,0.5
2020-07-01,188,0,188,100
2020-07-01,188,1,1,0.53
2020-07-01,188,2,2,1.06
2020-07-01,188,3,1,0.53
2020-07-01,188,4,2,1.06
2020-07-01,188,5,1,0.53
2020-07-01,188,6,1,0.53
2020-07-01,188,7,2,1.06
2020-07-01,188,8,1,0.53
2020-07-01,188,9,1,0.53
2020-07-01,188,10,3,1.6
2020-07-01,188,12,1,0.53
2020-07-01,188,13,2,1.06
2020-07-01,188,15,3,1.6
2020-07-01,188,16,1,0.53
2020-07-01,188,19,4,2.13
2020-07-01,188,21,1,0.53
2020-07-01,188,22,4,2.13
2020-07-01,188,23,2,1.06
2020-07-01,188,24,3,1.6
2020-07-01,188,26,4,2.13
2020-07-01,188,27,3,1.6
2020-07-01,188,28,4,2.13
2020-07-01,188,29,1,0.53
2020-07-01,188,30,1,0.53
2020-07-01,188,31,1,0.53
2020-07-01,188,32,1,0.53
2020-07-01,188,33,1,0.53
2020-07-01,188,34,3,1.6
2020-07-01,188,35,1,0.53
2020-07-01,188,36,2,1.06
2020-07-01,188,37,2,1.06
2020-07-01,188,38,3,1.6
2020-07-01,188,39,1,0.53
2020-07-01,188,41,2,1.06
2020-07-01,188,42,1,0.53
2020-07-01,188,43,2,1.06
2020-07-01,188,45,3,1.6
2020-07-01,188,46,3,1.6
2020-07-01,188,47,1,0.53
2020-07-01,188,48,1,0.53
2020-07-01,188,49,3,1.6
2020-07-01,188,50,1,0.53
2020-07-01,188,51,2,1.06
2020-07-01,188,52,1,0.53
2020-07-01,188,53,2,1.06
2020-07-01,188,54,1,0.53
2020-07-01,188,55,2,1.06
2020-07-01,188,56,6,3.19
2020-07-01,188,57,1,0.53
2020-07-01,188,58,1,0.53
2020-07-01,188,59,3,1.6
2020-07-01,188,60,4,2.13
2020-07-01,188,61,1,0.53
2020-07-01,188,62,6,3.19
2020-07-01,188,63,3,1.6
2020-07-01,188,64,1,0.53
2020-07-01,188,65,1,0.53
2020-07-01,188,66,1,0.53
2020-07-01,188,67,1,0.53
2020-07-01,188,68,1,0.53
2020-07-01,188,69,1,0.53
2020-07-01,188,70,1,0.53
2020-07-01,188,71,2,1.06
2020-07-01,188,73,2,1.06
2020-07-01,188,74,1,0.53
2020-08-01,212,0,212,100
2020-08-01,212,1,1,0.47
2020-08-01,212,2,3,1.42
2020-08-01,212,3,1,0.47
2020-08-01,212,4,3,1.42
2020-08-01,212,5,1,0.47
2020-08-01,212,6,1,0.47
2020-08-01,212,8,2,0.94
2020-08-01,212,9,2,0.94
2020-08-01,212,10,2,0.94
2020-08-01,212,12,5,2.36
2020-08-01,212,14,4,1.89
2020-08-01,212,15,1,0.47
2020-08-01,212,16,2,0.94
2020-08-01,212,17,3,1.42
2020-08-01,212,18,6,2.83
2020-08-01,212,19,2,0.94
2020-08-01,212,21,5,2.36
2020-08-01,212,22,2,0.94
2020-08-01,212,23,2,0.94
2020-08-01,212,24,1,0.47
2020-08-01,212,25,1,0.47
2020-08-01,212,27,1,0.47
2020-08-01,212,28,4,1.89
2020-08-01,212,29,2,0.94
2020-08-01,212,33,2,0.94
2020-08-01,212,34,1,0.47
2020-08-01,212,35,2,0.94
2020-08-01,212,36,2,0.94
2020-08-01,212,37,3,1.42
2020-08-01,212,38,2,0.94
2020-08-01,212,39,2,0.94
2020-08-01,212,40,1,0.47
2020-08-01,212,41,2,0.94
2020-08-01,212,42,2,0.94
2020-08-01,212,44,3,1.42
2020-08-01,212,45,1,0.47
2020-08-01,212,46,1,0.47
2020-08-01,212,47,5,2.36
2020-08-01,212,49,2,0.94
2020-08-01,212,50,3,1.42
2020-08-01,212,51,2,0.94
2020-08-01,212,52,1,0.47
2020-08-01,212,53,1,0.47
2020-08-01,212,54,2,0.94
2020-08-01,212,56,1,0.47
2020-08-01,212,57,6,2.83
2020-08-01,212,58,4,1.89
2020-08-01,212,59,4,1.89
2020-08-01,212,60,3,1.42
2020-08-01,212,61,2,0.94
2020-08-01,212,62,2,0.94
2020-08-01,212,63,1,0.47
2020-08-01,212,65,3,1.42
2020-08-01,212,66,4,1.89
2020-08-01,212,67,5,2.36
2020-08-01,212,68,1,0.47
2020-08-01,212,69,4,1.89
2020-08-01,212,70,1,0.47
2020-08-01,212,71,1,0.47
2020-08-01,212,72,4,1.89
2020-08-01,212,73,2,0.94
2020-09-01,225,0,225,100
2020-09-01,225,1,3,1.33
2020-09-01,225,2,4,1.78
2020-09-01,225,3,2,0.89
2020-09-01,225,4,2,0.89
2020-09-01,225,5,2,0.89
2020-09-01,225,6,1,0.44
2020-09-01,225,7,2,0.89
2020-09-01,225,8,5,2.22
2020-09-01,225,9,3,1.33
2020-09-01,225,11,2,0.89
2020-09-01,225,12,4,1.78
2020-09-01,225,14,2,0.89
2020-09-01,225,15,3,1.33
2020-09-01,225,16,1,0.44
2020-09-01,225,17,2,0.89
2020-09-01,225,18,3,1.33
2020-09-01,225,19,2,0.89
2020-09-01,225,20,1,0.44
2020-09-01,225,21,3,1.33
2020-09-01,225,22,2,0.89
2020-09-01,225,24,3,1.33
2020-09-01,225,25,3,1.33
2020-09-01,225,27,2,0.89
2020-09-01,225,29,3,1.33
2020-09-01,225,31,1,0.44
2020-09-01,225,32,3,1.33
2020-09-01,225,34,1,0.44
2020-09-01,225,35,1,0.44
2020-09-01,225,36,1,0.44
2020-09-01,225,38,1,0.44
2020-09-01,225,39,1,0.44
2020-09-01,225,40,1,0.44
2020-09-01,225,41,1,0.44
2020-09-01,225,42,1,0.44
2020-09-01,225,43,2,0.89
2020-09-01,225,44,2,0.89
2020-09-01,225,45,1,0.44
2020-09-01,225,46,4,1.78
2020-09-01,225,47,1,0.44
2020-09-01,225,48,2,0.89
2020-09-01,225,49,4,1.78
2020-09-01,225,50,1,0.44
2020-09-01,225,52,1,0.44
2020-09-01,225,53,3,1.33
2020-09-01,225,54,4,1.78
2020-09-01,225,55,1,0.44
2020-09-01,225,56,3,1.33
2020-09-01,225,57,1,0.44
2020-09-01,225,58,1,0.44
2020-09-01,225,60,1,0.44
2020-09-01,225,61,3,1.33
2020-09-01,225,62,4,1.78
2020-09-01,225,63,2,0.89
2020-09-01,225,64,3,1.33
2020-09-01,225,65,3,1.33
2020-09-01,225,66,1,0.44
2020-09-01,225,67,3,1.33
2020-09-01,225,68,6,2.67
2020-09-01,225,69,1,0.44
2020-09-01,225,70,2,0.89
2020-09-01,225,71,1,0.44
2020-09-01,225,72,2,0.89
2020-10-01,230,0,230,100
2020-10-01,230,2,1,0.43
2020-10-01,230,3,1,0.43
2020-10-01,230,4,1,0.43
2020-10-01,230,5,5,2.17
2020-10-01,230,6,1,0.43
2020-10-01,230,7,2,0.87
2020-10-01,230,8,1,0.43
2020-10-01,230,10,1,0.43
2020-10-01,230,11,4,1.74
2020-10-01,230,12,1,0.43
2020-10-01,230,13,2,0.87
2020-10-01,230,14,4,1.74
2020-10-01,230,16,3,1.3
2020-10-01,230,17,4,1.74
2020-10-01,230,18,2,0.87
2020-10-01,230,19,1,0.43
2020-10-01,230,20,5,2.17
2020-10-01,230,21,3,1.3
2020-10-01,230,22,2,0.87
2020-10-01,230,23,3,1.3
2020-10-01,230,24,1,0.43
2020-10-01,230,25,4,1.74
2020-10-01,230,26,3,1.3
2020-10-01,230,29,2,0.87
2020-10-01,230,30,2,0.87
2020-10-01,230,31,4,1.74
2020-10-01,230,32,4,1.74
2020-10-01,230,33,1,0.43
2020-10-01,230,34,3,1.3
2020-10-01,230,35,2,0.87
2020-10-01,230,36,1,0.43
2020-10-01,230,37,4,1.74
2020-10-01,230,38,3,1.3
2020-10-01,230,39,1,0.43
2020-10-01,230,40,1,0.43
2020-10-01,230,42,1,0.43
2020-10-01,230,43,3,1.3
2020-10-01,230,44,1,0.43
2020-10-01,230,45,1,0.43
2020-10-01,230,46,2,0.87
2020-10-01,230,47,2,0.87
2020-10-01,230,48,7,3.04
2020-10-01,230,50,1,0.43
2020-10-01,230,51,2,0.87
2020-10-01,230,52,2,0.87
2020-10-01,230,54,1,0.43
2020-10-01,230,55,2,0.87
2020-10-01,230,57,1,0.43
2020-10-01,230,58,3,1.3
2020-10-01,230,59,1,0.43
2020-10-01,230,60,1,0.43
2020-10-01,230,61,3,1.3
2020-10-01,230,62,1,0.43
2020-10-01,230,63,2,0.87
2020-10-01,230,64,4,1.74
2020-10-01,230,65,6,2.61
2020-10-01,230,66,2,0.87
2020-10-01,230,67,1,0.43
2020-10-01,230,68,4,1.74
2020-10-01,230,69,1,0.43
2020-10-01,230,70,2,0.87
2020-10-01,230,71,3,1.3
2020-11-01,213,0,213,100
2020-11-01,213,1,2,0.94
2020-11-01,213,2,4,1.88
2020-11-01,213,3,4,1.88
2020-11-01,213,4,2,0.94
2020-11-01,213,5,1,0.47
2020-11-01,213,6,3,1.41
2020-11-01,213,7,3,1.41
2020-11-01,213,8,2,0.94
2020-11-01,213,9,3,1.41
2020-11-01,213,10,3,1.41
2020-11-01,213,11,5,2.35
2020-11-01,213,12,1,0.47
2020-11-01,213,13,4,1.88
2020-11-01,213,14,2,0.94
2020-11-01,213,15,3,1.41
2020-11-01,213,16,1,0.47
2020-11-01,213,18,3,1.41
2020-11-01,213,19,2,0.94
2020-11-01,213,20,5,2.35
2020-11-01,213,21,3,1.41
2020-11-01,213,22,4,1.88
2020-11-01,213,23,4,1.88
2020-11-01,213,24,1,0.47
2020-11-01,213,25,2,0.94
2020-11-01,213,26,5,2.35
2020-11-01,213,27,1,0.47
2020-11-01,213,30,1,0.47
2020-11-01,213,31,3,1.41
2020-11-01,213,33,2,0.94
2020-11-01,213,34,2,0.94
2020-11-01,213,36,3,1.41
2020-11-01,213,37,2,0.94
2020-11-01,213,38,2,0.94
2020-11-01,213,40,1,0.47
2020-11-01,213,41,2,0.94
2020-11-01,213,42,4,1.88
2020-11-01,213,43,1,0.47
2020-11-01,213,44,2,0.94
2020-11-01,213,45,4,1.88
2020-11-01,213,46,3,1.41
2020-11-01,213,47,1,0.47
2020-11-01,213,48,2,0.94
2020-11-01,213,49,2,0.94
2020-11-01,213,50,2,0.94
2020-11-01,213,51,1,0.47
2020-11-01,213,52,2,0.94
2020-11-01,213,53,2,0.94
2020-11-01,213,54,1,0.47
2020-11-01,213,55,1,0.47
2020-11-01,213,57,1,0.47
2020-11-01,213,58,5,2.35
2020-11-01,213,60,2,0.94
2020-11-01,213,61,2,0.94
2020-11-01,213,62,1,0.47
2020-11-01,213,63,2,0.94
2020-11-01,213,64,1,0.47
2020-11-01,213,65,3,1.41
2020-11-01,213,66,5,2.35
2020-11-01,213,67,1,0.47
2020-11-01,213,68,3,1.41
2020-11-01,213,69,5,2.35
2020-11-01,213,70,1,0.47
2020-12-01,258,0,258,100
2020-12-01,258,1,3,1.16
2020-12-01,258,2,4,1.55
2020-12-01,258,3,5,1.94
2020-12-01,258,4,2,0.78
2020-12-01,258,5,1,0.39
2020-12-01,258,6,2,0.78
2020-12-01,258,7,3,1.16
2020-12-01,258,8,3,1.16
2020-12-01,258,9,1,0.39
2020-12-01,258,10,2,0.78
2020-12-01,258,11,4,1.55
2020-12-01,258,12,2,0.78
2020-12-01,258,13,3,1.16
2020-12-01,258,15,2,0.78
2020-12-01,258,16,2,0.78
2020-12-01,258,17,5,1.94
2020-12-01,258,18,1,0.39
2020-12-01,258,19,2,0.78
2020-12-01,258,20,4,1.55
2020-12-01,258,21,2,0.78
2020-12-01,258,22,2,0.78
2020-12-01,258,24,1,0.39
2020-12-01,258,25,6,2.33
2020-12-01,258,26,5,1.94
2020-12-01,258,27,1,0.39
2020-12-01,258,28,2,0.78
2020-12-01,258,29,3,1.16
2020-12-01,258,30,3,1.16
2020-12-01,258,31,1,0.39
2020-12-01,258,32,4,1.55
2020-12-01,258,33,5,1.94
2020-12-01,258,34,1,0.39
2020-12-01,258,35,2,0.78
2020-12-01,258,36,3,1.16
2020-12-01,258,37,2,0.78
2020-12-01,258,38,1,0.39
2020-12-01,258,39,3,1.16
2020-12-01,258,40,2,0.78
2020-12-01,258,41,3,1.16
2020-12-01,258,42,2,0.78
2020-12-01,258,43,1,0.39
2020-12-01,258,44,2,0.78
2020-12-01,258,45,4,1.55
2020-12-01,258,46,3,1.16
2020-12-01,258,47,2,0.78
2020-12-01,258,48,1,0.39
2020-12-01,258,49,4,1.55
2020-12-01,258,50,7,2.71
2020-12-01,258,51,3,1.16
2020-12-01,258,52,5,1.94
2020-12-01,258,53,4,1.55
2020-12-01,258,54,5,1.94
2020-12-01,258,55,2,0.78
2020-12-01,258,56,4,1.55
2020-12-01,258,57,5,1.94
2020-12-01,258,58,3,1.16
2020-12-01,258,59,1,0.39
2020-12-01,258,60,4,1.55
2020-12-01,258,61,2,0.78
2020-12-01,258,62,4,1.55
2020-12-01,258,63,2,0.78
2020-12-01,258,64,2,0.78
2020-12-01,258,65,2,0.78
2020-12-01,258,66,5,1.94
2020-12-01,258,67,2,0.78
2020-12-01,258,68,3,1.16
2020-12-01,258,69,4,1.55
2021-01-01,270,0,270,100
2021-01-01,270,1,2,0.74
2021-01-01,270,2,3,1.11
2021-01-01,270,3,7,2.59
2021-01-01,270,4,2,0.74
2021-01-01,270,5,3,1.11
2021-01-01,270,6,2,0.74
2021-01-01,270,7,3,1.11
2021-01-01,270,8,1,0.37
2021-01-01,270,10,2,0.74
2021-01-01,270,11,1,0.37
2021-01-01,270,12,2,0.74
2021-01-01,270,13,1,0.37
2021-01-01,270,14,2,0.74
2021-01-01,270,15,5,1.85
2021-01-01,270,16,2,0.74
2021-01-01,270,17,2,0.74
2021-01-01,270,18,2,0.74
2021-01-01,270,19,1,0.37
2021-01-01,270,20,3,1.11
2021-01-01,270,21,4,1.48
2021-01-01,270,22,2,0.74
2021-01-01,270,23,2,0.74
2021-01-01,270,24,5,1.85
2021-01-01,270,25,1,0.37
2021-01-01,270,26,4,1.48
2021-01-01,270,27,2,0.74
2021-01-01,270,28,3,1.11
2021-01-01,270,29,5,1.85
2021-01-01,270,30,3,1.11
2021-01-01,270,31,1,0.37
2021-01-01,270,32,1,0.37
2021-01-01,270,33,1,0.37
2021-01-01,270,34,3,1.11
2021-01-01,270,35,2,0.74
2021-01-01,270,36,4,1.48
2021-01-01,270,37,1,0.37
2021-01-01,270,38,4,1.48
2021-01-01,270,39,5,1.85
2021-01-01,270,40,1,0.37
2021-01-01,270,41,5,1.85
2021-01-01,270,42,1,0.37
2021-01-01,270,43,1,0.37
2021-01-01,270,44,1,0.37
2021-01-01,270,45,3,1.11
2021-01-01,270,46,5,1.85
2021-01-01,270,47,4,1.48
2021-01-01,270,48,4,1.48
2021-01-01,270,49,2,0.74
2021-01-01,270,50,1,0.37
2021-01-01,270,51,3,1.11
2021-01-01,270,52,3,1.11
2021-01-01,270,53,2,0.74
2021-01-01,270,55,1,0.37
2021-01-01,270,56,5,1.85
2021-01-01,270,57,5,1.85
2021-01-01,270,58,2,0.74
2021-01-01,270,59,4,1.48
2021-01-01,270,60,6,2.22
2021-01-01,270,61,2,0.74
2021-01-01,270,62,5,1.85
2021-01-01,270,63,2,0.74
2021-01-01,270,64,4,1.48
2021-01-01,270,65,3,1.11
2021-01-01,270,66,2,0.74
2021-01-01,270,67,4,1.48
2021-01-01,270,68,3,1.11
2021-02-01,251,0,251,100
2021-02-01,251,1,2,0.8
2021-02-01,251,3,5,1.99
2021-02-01,251,4,2,0.8
2021-02-01,251,6,4,1.59
2021-02-01,251,7,2,0.8
2021-02-01,251,8,2,0.8
2021-02-01,251,9,3,1.2
2021-02-01,251,10,1,0.4
2021-02-01,251,11,3,1.2
2021-02-01,251,12,2,0.8
2021-02-01,251,13,3,1.2
2021-02-01,251,14,1,0.4
2021-02-01,251,15,3,1.2
2021-02-01,251,17,3,1.2
2021-02-01,251,18,3,1.2
2021-02-01,251,21,4,1.59
2021-02-01,251,22,5,1.99
2021-02-01,251,23,4,1.59
2021-02-01,251,24,1,0.4
2021-02-01,251,25,4,1.59
2021-02-01,251,26,3,1.2
2021-02-01,251,27,1,0.4
2021-02-01,251,28,2,0.8
2021-02-01,251,29,1,0.4
2021-02-01,251,30,3,1.2
2021-02-01,251,32,2,0.8
2021-02-01,251,34,1,0.4
2021-02-01,251,35,1,0.4
2021-02-01,251,36,3,1.2
2021-02-01,251,37,1,0.4
2021-02-01,251,38,3,1.2
2021-02-01,251,39,1,0.4
2021-02-01,251,40,3,1.2
2021-02-01,251,42,3,1.2
2021-02-01,251,43,2,0.8
2021-02-01,251,44,3,1.2
2021-02-01,251,46,2,0.8
2021-02-01,251,47,3,1.2
2021-02-01,251,48,2,0.8
2021-02-01,251,49,1,0.4
2021-02-01,251,50,2,0.8
2021-02-01,251,51,1,0.4
2021-02-01,251,52,2,0.8
2021-02-01,251,53,1,0.4
2021-02-01,251,54,5,1.99
2021-02-01,251,55,1,0.4
2021-02-01,251,56,3,1.2
2021-02-01,251,57,1,0.4
2021-02-01,251,58,1,0.4
2021-02-01,251,59,6,2.39
2021-02-01,251,60,1,0.4
2021-02-01,251,61,2,0.8
2021-02-01,251,62,2,0.8
2021-02-01,251,63,4,1.59
2021-02-01,251,64,3,1.2
2021-02-01,251,66,3,1.2
2021-02-01,251,67,2,0.8
2021-03-01,287,0,287,100
2021-03-01,287,1,2,0.7
2021-03-01,287,2,3,1.05
2021-03-01,287,3,1,0.35
2021-03-01,287,4,6,2.09
2021-03-01,287,5,2,0.7
2021-03-01,287,6,1,0.35
2021-03-01,287,7,2,0.7
2021-03-01,287,8,2,0.7
2021-03-01,287,9,4,1.39
2021-03-01,287,10,3,1.05
2021-03-01,287,11,2,0.7
2021-03-01,287,12,5,1.74
2021-03-01,287,13,4,1.39
2021-03-01,287,14,4,1.39
2021-03-01,287,15,1,0.35
2021-03-01,287,16,6,2.09
2021-03-01,287,17,1,0.35
2021-03-01,287,18,2,0.7
2021-03-01,287,19,2,0.7
2021-03-01,287,20,3,1.05
2021-03-01,287,21,2,0.7
2021-03-01,287,22,2,0.7
2021-03-01,287,23,7,2.44
2021-03-01,287,24,5,1.74
2021-03-01,287,25,4,1.39
2021-03-01,287,26,3,1.05
2021-03-01,287,27,6,2.09
2021-03-01,287,28,2,0.7
2021-03-01,287,29,2,0.7
2021-03-01,287,30,4,1.39
2021-03-01,287,31,3,1.05
2021-03-01,287,32,2,0.7
2021-03-01,287,33,2,0.7
2021-03-01,287,34,3,1.05
2021-03-01,287,35,2,0.7
2021-03-01,287,36,4,1.39
2021-03-01,287,37,4,1.39
2021-03-01,287,38,3,1.05
2021-03-01,287,39,4,1.39
2021-03-01,287,40,3,1.05
2021-03-01,287,42,1,0.35
2021-03-01,287,43,5,1.74
2021-03-01,287,44,8,2.79
2021-03-01,287,48,1,0.35
2021-03-01,287,49,3,1.05
2021-03-01,287,50,3,1.05
2021-03-01,287,51,3,1.05
2021-03-01,287,52,1,0.35
2021-03-01,287,53,3,1.05
2021-03-01,287,54,4,1.39
2021-03-01,287,55,5,1.74
2021-03-01,287,56,6,2.09
2021-03-01,287,57,5,1.74
2021-03-01,287,58,1,0.35
2021-03-01,287,59,3,1.05
2021-03-01,287,60,1,0.35
2021-03-01,287,61,3,1.05
2021-03-01,287,62,3,1.05
2021-03-01,287,63,1,0.35
2021-03-01,287,64,5,1.74
2021-03-01,287,65,2,0.7
2021-03-01,287,66,4,1.39
2021-04-01,286,0,286,100
2021-04-01,286,1,3,1.05
2021-04-01,286,2,2,0.7
2021-04-01,286,3,2,0.7
2021-04-01,286,4,3,1.05
2021-04-01,286,5,4,1.4
2021-04-01,286,6,3,1.05
2021-04-01,286,7,5,1.75
2021-04-01,286,8,1,0.35
2021-04-01,286,9,2,0.7
2021-04-01,286,11,4,1.4
2021-04-01,286,12,2,0.7
2021-04-01,286,13,4,1.4
2021-04-01,286,15,4,1.4
2021-04-01,286,16,3,1.05
2021-04-01,286,17,5,1.75
2021-04-01,286,18,2,0.7
2021-04-01,286,19,4,1.4
2021-04-01,286,20,3,1.05
2021-04-01,286,21,1,0.35
2021-04-01,286,22,3,1.05
2021-04-01,286,23,3,1.05
2021-04-01,286,24,3,1.05
2021-04-01,286,25,1,0.35
2021-04-01,286,26,1,0.35
2021-04-01,286,27,6,2.1
2021-04-01,286,28,1,0.35
2021-04-01,286,29,2,0.7
2021-04-01,286,30,3,1.05
2021-04-01,286,31,4,1.4
2021-04-01,286,32,4,1.4
2021-04-01,286,33,2,0.7
2021-04-01,286,35,7,2.45
2021-04-01,286,36,6,2.1
2021-04-01,286,37,2,0.7
2021-04-01,286,38,2,0.7
2021-04-01,286,39,3,1.05
2021-04-01,286,40,4,1.4
2021-04-01,286,41,8,2.8
2021-04-01,286,42,1,0.35
2021-04-01,286,43,6,2.1
2021-04-01,286,44,1,0.35
2021-04-01,286,45,2,0.7
2021-04-01,286,46,2,0.7
2021-04-01,286,47,3,1.05
2021-04-01,286,48,4,1.4
2021-04-01,286,49,3,1.05
2021-04-01,286,50,2,0.7
2021-04-01,286,51,2,0.7
2021-04-01,286,52,4,1.4
2021-04-01,286,53,4,1.4
2021-04-01,286,54,5,1.75
2021-04-01,286,55,4,1.4
2021-04-01,286,56,3,1.05
2021-04-01,286,57,2,0.7
2021-04-01,286,58,3,1.05
2021-04-01,286,59,2,0.7
2021-04-01,286,60,6,2.1
2021-04-01,286,61,7,2.45
2021-04-01,286,62,5,1.75
2021-04-01,286,63,4,1.4
2021-04-01,286,64,9,3.15
2021-04-01,286,65,2,0.7
2021-05-01,328,0,328,100
2021-05-01,328,1,3,0.91
2021-05-01,328,2,2,0.61
2021-05-01,328,3,1,0.3
2021-05-01,328,4,6,1.83
2021-05-01,328,5,3,0.91
2021-05-01,328,6,7,2.13
2021-05-01,328,7,2,0.61
2021-05-01,328,8,4,1.22
2021-05-01,328,9,5,1.52
2021-05-01,328,10,5,1.52
2021-05-01,328,11,5,1.52
2021-05-01,328,12,2,0.61
2021-05-01,328,13,3,0.91
2021-05-01,328,14,3,0.91
2021-05-01,328,15,3,0.91
2021-05-01,328,16,2,0.61
2021-05-01,328,17,5,1.52
2021-05-01,328,18,2,0.61
2021-05-01,328,19,2,0.61
2021-05-01,328,20,2,0.61
2021-05-01,328,21,8,2.44
2021-05-01,328,22,5,1.52
2021-05-01,328,23,6,1.83
2021-05-01,328,24,2,0.61
2021-05-01,328,25,4,1.22
2021-05-01,328,26,3,0.91
2021-05-01,328,27,3,0.91
2021-05-01,328,28,5,1.52
2021-05-01,328,29,3,0.91
2021-05-01,328,30,1,0.3
2021-05-01,328,31,9,2.74
2021-05-01,328,32,3,0.91
2021-05-01,328,35,6,1.83
2021-05-01,328,36,1,0.3
2021-05-01,328,37,2,0.61
2021-05-01,328,38,3,0.91
2021-05-01,328,39,5,1.52
2021-05-01,328,40,4,1.22
2021-05-01,328,41,2,0.61
2021-05-01,328,42,5,1.52
2021-05-01,328,43,4,1.22
2021-05-01,328,44,6,1.83
2021-05-01,328,45,8,2.44
2021-05-01,328,46,1,0.3
2021-05-01,328,47,1,0.3
2021-05-01,328,48,6,1.83
2021-05-01,328,49,3,0.91
2021-05-01,328,50,4,1.22
2021-05-01,328,51,3,0.91
2021-05-01,328,52,4,1.22
2021-05-01,328,53,4,1.22
2021-05-01,328,55,3,0.91
2021-05-01,328,56,3,0.91
2021-05-01,328,57,7,2.13
2021-05-01,328,58,1,0.3
2021-05-01,328,59,5,1.52
2021-05-01,328,60,4,1.22
2021-05-01,328,61,1,0.3
2021-05-01,328,62,3,0.91
2021-05-01,328,63,5,1.52
2021-05-01,328,64,4,1.22
2021-06-01,342,0,342,100
2021-06-01,342,1,2,0.58
2021-06-01,342,2,2,0.58
2021-06-01,342,4,4,1.17
2021-06-01,342,5,1,0.29
2021-06-01,342,6,7,2.05
2021-06-01,342,7,6,1.75
2021-06-01,342,8,2,0.58
2021-06-01,342,9,8,2.34
2021-06-01,342,10,6,1.75
2021-06-01,342,11,2,0.58
2021-06-01,342,12,5,1.46
2021-06-01,342,13,4,1.17
2021-06-01,342,14,3,0.88
2021-06-01,342,15,5,1.46
2021-06-01,342,16,5,1.46
2021-06-01,342,17,3,0.88
2021-06-01,342,18,4,1.17
2021-06-01,342,19,3,0.88
2021-06-01,342,20,6,1.75
2021-06-01,342,21,7,2.05
2021-06-01,342,22,3,0.88
2021-06-01,342,23,1,0.29
2021-06-01,342,24,1,0.29
2021-06-01,342,25,3,0.88
2021-06-01,342,26,2,0.58
2021-06-01,342,27,6,1.75
2021-06-01,342,28,3,0.88
2021-06-01,342,29,3,0.88
2021-06-01,342,30,9,2.63
2021-06-01,342,31,6,1.75
2021-06-01,342,32,4,1.17
2021-06-01,342,33,7,2.05
2021-06-01,342,34,5,1.46
2021-06-01,342,35,3,0.88
2021-06-01,342,36,4,1.17
2021-06-01,342,37,2,0.58
2021-06-01,342,38,6,1.75
2021-06-01,342,39,11,3.22
2021-06-01,342,40,7,2.05
2021-06-01,342,41,5,1.46
2021-06-01,342,42,7,2.05
2021-06-01,342,43,1,0.29
2021-06-01,342,44,4,1.17
2021-06-01,342,45,2,0.58
2021-06-01,342,46,2,0.58
2021-06-01,342,47,3,0.88
2021-06-01,342,48,4,1.17
2021-06-01,342,49,5,1.46
2021-06-01,342,50,3,0.88
2021-06-01,342,51,6,1.75
2021-06-01,342,52,3,0.88
2021-06-01,342,53,4,1.17
2021-06-01,342,54,6,1.75
2021-06-01,342,55,10,2.92
2021-06-01,342,56,2,0.58
2021-06-01,342,57,6,1.75
2021-06-01,342,58,1,0.29
2021-06-01,342,59,3,0.88
2021-06-01,342,60,5,1.46
2021-06-01,342,61,2,0.58
2021-06-01,342,62,3,0.88
2021-06-01,342,63,5,1.46
2021-07-01,375,0,375,100
2021-07-01,375,1,4,1.07
2021-07-01,375,2,4,1.07
2021-07-01,375,3,3,0.8
2021-07-01,375,4,2,0.53
2021-07-01,375,5,4,1.07
2021-07-01,375,6,3,0.8
2021-07-01,375,7,4,1.07
2021-07-01,375,8,4,1.07
2021-07-01,375,9,1,0.27
2021-07-01,375,10,6,1.6
2021-07-01,375,11,3,0.8
2021-07-01,375,12,9,2.4
2021-07-01,375,13,3,0.8
2021-07-01,375,14,7,1.87
2021-07-01,375,15,2,0.53
2021-07-01,375,16,1,0.27
2021-07-01,375,17,4,1.07
2021-07-01,375,18,1,0.27
2021-07-01,375,19,5,1.33
2021-07-01,375,20,4,1.07
2021-07-01,375,21,4,1.07
2021-07-01,375,22,9,2.4
2021-07-01,375,23,1,0.27
2021-07-01,375,24,4,1.07
2021-07-01,375,25,7,1.87
2021-07-01,375,26,6,1.6
2021-07-01,375,27,1,0.27
2021-07-01,375,28,4,1.07
2021-07-01,375,29,5,1.33
2021-07-01,375,30,3,0.8
2021-07-01,375,31,1,0.27
2021-07-01,375,32,4,1.07
2021-07-01,375,33,2,0.53
2021-07-01,375,34,3,0.8
2021-07-01,375,35,3,0.8
2021-07-01,375,36,2,0.53
2021-07-01,375,37,3,0.8
2021-07-01,375,38,1,0.27
2021-07-01,375,39,4,1.07
2021-07-01,375,40,4,1.07
2021-07-01,375,41,6,1.6
2021-07-01,375,42,1,0.27
2021-07-01,375,43,3,0.8
2021-07-01,375,44,3,0.8
2021-07-01,375,45,5,1.33
2021-07-01,375,46,1,0.27
2021-07-01,375,47,1,0.27
2021-07-01,375,48,4,1.07
2021-07-01,375,49,3,0.8
2021-07-01,375,50,7,1.87
2021-07-01,375,51,1,0.27
2021-07-01,375,52,2,0.53
2021-07-01,375,53,2,0.53
2021-07-01,375,54,4,1.07
2021-07-01,375,55,3,0.8
2021-07-01,375,56,4,1.07
2021-07-01,375,57,1,0.27
2021-07-01,375,58,2,0.53
2021-07-01,375,59,5,1.33
2021-07-01,375,60,3,0.8
2021-07-01,375,62,1,0.27
2021-08-01,388,0,388,100
2021-08-01,388,1,5,1.29
2021-08-01,388,2,1,0.26
2021-08-01,388,3,3,0.77
2021-08-01,388,4,5,1.29
2021-08-01,388,5,6,1.55
2021-08-01,388,6,4,1.03
2021-08-01,388,7,2,0.52
2021-08-01,388,8,8,2.06
2021-08-01,388,9,4,1.03
2021-08-01,388,10,2,0.52
2021-08-01,388,11,7,1.8
2021-08-01,388,12,6,1.55
2021-08-01,388,13,7,1.8
2021-08-01,388,14,3,0.77
2021-08-01,388,15,4,1.03
2021-08-01,388,16,1,0.26
2021-08-01,388,17,2,0.52
2021-08-01,388,18,4,1.03
2021-08-01,388,19,3,0.77
2021-08-01,388,20,2,0.52
2021-08-01,388,21,4,1.03
2021-08-01,388,22,3,0.77
2021-08-01,388,23,4,1.03
2021-08-01,388,24,3,0.77
2021-08-01,388,25,5,1.29
2021-08-01,388,26,2,0.52
2021-08-01,388,27,9,2.32
2021-08-01,388,28,1,0.26
2021-08-01,388,29,5,1.29
2021-08-01,388,30,3,0.77
2021-08-01,388,31,2,0.52
2021-08-01,388,32,4,1.03
2021-08-01,388,33,6,1.55
2021-08-01,388,34,5,1.29
2021-08-01,388,35,5,1.29
2021-08-01,388,36,4,1.03
2021-08-01,388,37,4,1.03
2021-08-01,388,38,5,1.29
2021-08-01,388,39,3,0.77
2021-08-01,388,40,4,1.03
2021-08-01,388,41,2,0.52
2021-08-01,388,42,7,1.8
2021-08-01,388,43,4,1.03
2021-08-01,388,44,4,1.03
2021-08-01,388,45,7,1.8
2021-08-01,388,46,8,2.06
2021-08-01,388,47,10,2.58
2021-08-01,388,48,4,1.03
2021-08-01,388,49,3,0.77
2021-08-01,388,50,4,1.03
2021-08-01,388,51,5,1.29
2021-08-01,388,52,2,0.52
2021-08-01,388,53,4,1.03
2021-08-01,388,54,4,1.03
2021-08-01,388,55,3,0.77
2021-08-01,388,56,4,1.03
2021-08-01,388,57,8,2.06
2021-08-01,388,58,5,1.29
2021-08-01,388,59,3,0.77
2021-08-01,388,60,4,1.03
2021-08-01,388,61,5,1.29
2021-09-01,359,0,359,100
2021-09-01,359,2,1,0.28
2021-09-01,359,3,3,0.84
2021-09-01,359,4,4,1.11
2021-09-01,359,5,1,0.28
2021-09-01,359,6,4,1.11
2021-09-01,359,7,4,1.11
2021-09-01,359,8,2,0.56
2021-09-01,359,9,5,1.39
2021-09-01,359,10,5,1.39
2021-09-01,359,11,6,1.67
2021-09-01,359,12,4,1.11
2021-09-01,359,13,4,1.11
2021-09-01,359,14,2,0.56
2021-09-01,359,15,5,1.39
2021-09-01,359,16,2,0.56
2021-09-01,359,17,8,2.23
2021-09-01,359,18,3,0.84
2021-09-01,359,19,4,1.11
2021-09-01,359,20,3,0.84
2021-09-01,359,21,4,1.11
2021-09-01,359,22,3,0.84
2021-09-01,359,23,3,0.84
2021-09-01,359,24,8,2.23
2021-09-01,359,25,3,0.84
2021-09-01,359,26,3,0.84
2021-09-01,359,27,3,0.84
2021-09-01,359,28,4,1.11
2021-09-01,359,29,4,1.11
2021-09-01,359,30,6,1.67
2021-09-01,359,31,8,2.23
2021-09-01,359,32,1,0.28
2021-09-01,359,33,5,1.39
2021-09-01,359,34,3,0.84
2021-09-01,359,35,4,1.11
2021-09-01,359,36,3,0.84
2021-09-01,359,37,6,1.67
2021-09-01,359,38,1,0.28
2021-09-01,359,39,3,0.84
2021-09-01,359,40,5,1.39
2021-09-01,359,41,6,1.67
2021-09-01,359,42,6,1.67
2021-09-01,359,43,4,1.11
2021-09-01,359,44,2,0.56
2021-09-01,359,45,4,1.11
2021-09-01,359,46,1,0.28
2021-09-01,359,47,2,0.56
2021-09-01,359,48,4,1.11
2021-09-01,359,49,5,1.39
2021-09-01,359,50,5,1.39
2021-09-01,359,51,1,0.28
2021-09-01,359,53,4,1.11
2021-09-01,359,54,4,1.11
2021-09-01,359,55,5,1.39
2021-09-01,359,56,1,0.28
2021-09-01,359,57,3,0.84
2021-09-01,359,58,7,1.95
2021-09-01,359,59,4,1.11
2021-09-01,359,60,2,0.56
2021-10-01,387,0,387,100
2021-10-01,387,1,5,1.29
2021-10-01,387,2,3,0.78
2021-10-01,387,3,2,0.52
2021-10-01,387,4,1,0.26
2021-10-01,387,5,5,1.29
2021-10-01,387,6,3,0.78
2021-10-01,387,7,5,1.29
2021-10-01,387,8,3,0.78
2021-10-01,387,9,1,0.26
2021-10-01,387,10,4,1.03
2021-10-01,387,11,1,0.26
2021-10-01,387,12,3,0.78
2021-10-01,387,13,1,0.26
2021-10-01,387,14,5,1.29
2021-10-01,387,15,3,0.78
2021-10-01,387,16,1,0.26
2021-10-01,387,17,3,0.78
2021-10-01,387,18,6,1.55
2021-10-01,387,19,2,0.52
2021-10-01,387,21,1,0.26
2021-10-01,387,22,4,1.03
2021-10-01,387,23,3,0.78
2021-10-01,387,24,3,0.78
2021-10-01,387,25,5,1.29
2021-10-01,387,26,3,0.78
2021-10-01,387,27,3,0.78
2021-10-01,387,28,3,0.78
2021-10-01,387,29,3,0.78
2021-10-01,387,30,2,0.52
2021-10-01,387,31,5,1.29
2021-10-01,387,32,2,0.52
2021-10-01,387,33,6,1.55
2021-10-01,387,34,2,0.52
2021-10-01,387,35,3,0.78
2021-10-01,387,36,1,0.26
2021-10-01,387,38,2,0.52
2021-10-01,387,39,5,1.29
2021-10-01,387,40,3,0.78
2021-10-01,387,41,5,1.29
2021-10-01,387,42,3,0.78
2021-10-01,387,43,6,1.55
2021-10-01,387,44,4,1.03
2021-10-01,387,45,3,0.78
2021-10-01,387,46,7,1.81
2021-10-01,387,47,1,0.26
2021-10-01,387,48,2,0.52
2021-10-01,387,49,4,1.03
2021-10-01,387,50,4,1.03
2021-10-01,387,51,3,0.78
2021-10-01,387,52,3,0.78
2021-10-01,387,53,3,0.78
2021-10-01,387,54,6,1.55
2021-10-01,387,55,7,1.81
2021-10-01,387,56,3,0.78
2021-10-01,387,57,4,1.03
2021-10-01,387,58,4,1.03
2021-10-01,387,59,3,0.78
2021-11-01,392,0,392,100
2021-11-01,392,1,3,0.77
2021-11-01,392,2,2,0.51
2021-11-01,392,3,3,0.77
2021-11-01,392,5,1,0.26
2021-11-01,392,6,5,1.28
2021-11-01,392,7,5,1.28
2021-11-01,392,8,2,0.51
2021-11-01,392,9,3,0.77
2021-11-01,392,10,1,0.26
2021-11-01,392,11,3,0.77
2021-11-01,392,12,5,1.28
2021-11-01,392,13,2,0.51
2021-11-01,392,14,1,0.26
2021-11-01,392,15,1,0.26
2021-11-01,392,16,5,1.28
2021-11-01,392,17,4,1.02
2021-11-01,392,18,9,2.3
2021-11-01,392,19,5,1.28
2021-11-01,392,20,4,1.02
2021-11-01,392,21,6,1.53
2021-11-01,392,22,1,0.26
2021-11-01,392,23,4,1.02
2021-11-01,392,24,5,1.28
2021-11-01,392,25,6,1.53
2021-11-01,392,26,2,0.51
2021-11-01,392,27,2,0.51
2021-11-01,392,28,4,1.02
2021-11-01,392,29,1,0.26
2021-11-01,392,30,3,0.77
2021-11-01,392,31,7,1.79
2021-11-01,392,32,5,1.28
2021-11-01,392,33,2,0.51
2021-11-01,392,34,3,0.77
2021-11-01,392,35,4,1.02
2021-11-01,392,36,2,0.51
2021-11-01,392,37,5,1.28
2021-11-01,392,38,5,1.28
2021-11-01,392,39,6,1.53
2021-11-01,392,40,2,0.51
2021-11-01,392,41,1,0.26
2021-11-01,392,42,4,1.02
2021-11-01,392,43,1,0.26
2021-11-01,392,44,3,0.77
2021-11-01,392,45,2,0.51
2021-11-01,392,46,4,1.02
2021-11-01,392,47,4,1.02
2021-11-01,392,48,5,1.28
2021-11-01,392,49,2,0.51
2021-11-01,392,50,7,1.79
2021-11-01,392,51,3,0.77
2021-11-01,392,52,3,0.77
2021-11-01,392,53,6,1.53
2021-11-01,392,54,4,1.02
2021-11-01,392,55,3,0.77
2021-11-01,392,56,3,0.77
2021-11-01,392,57,6,1.53
2021-11-01,392,58,2,0.51
2021-12-01,424,0,424,100
2021-12-01,424,1,7,1.65
2021-12-01,424,2,3,0.71
2021-12-01,424,3,5,1.18
2021-12-01,424,4,3,0.71
2021-12-01,424,5,4,0.94
2021-12-01,424,6,5,1.18
2021-12-01,424,7,3,0.71
2021-12-01,424,8,4,0.94
2021-12-01,424,9,5,1.18
2021-12-01,424,10,3,0.71
2021-12-01,424,11,5,1.18
2021-12-01,424,12,2,0.47
2021-12-01,424,13,3,0.71
2021-12-01,424,14,4,0.94
2021-12-01,424,15,7,1.65
2021-12-01,424,16,3,0.71
2021-12-01,424,17,2,0.47
2021-12-01,424,18,5,1.18
2021-12-01,424,19,1,0.24
2021-12-01,424,20,2,0.47
2021-12-01,424,21,6,1.42
2021-12-01,424,22,4,0.94
2021-12-01,424,23,8,1.89
2021-12-01,424,24,4,0.94
2021-12-01,424,25,7,1.65
2021-12-01,424,26,2,0.47
2021-12-01,424,27,3,0.71
2021-12-01,424,28,8,1.89
2021-12-01,424,29,4,0.94
2021-12-01,424,30,2,0.47
2021-12-01,424,31,3,0.71
2021-12-01,424,32,3,0.71
2021-12-01,424,33,6,1.42
2021-12-01,424,34,1,0.24
2021-12-01,424,35,5,1.18
2021-12-01,424,36,3,0.71
2021-12-01,424,37,2,0.47
2021-12-01,424,38,2,0.47
2021-12-01,424,39,5,1.18
2021-12-01,424,40,6,1.42
2021-12-01,424,41,4,0.94
2021-12-01,424,42,4,0.94
2021-12-01,424,43,6,1.42
2021-12-01,424,44,7,1.65
2021-12-01,424,45,10,2.36
2021-12-01,424,46,5,1.18
2021-12-01,424,47,5,1.18
2021-12-01,424,48,4,0.94
2021-12-01,424,50,3,0.71
2021-12-01,424,51,4,0.94
2021-12-01,424,52,6,1.42
2021-12-01,424,53,2,0.47
2021-12-01,424,54,2,0.47
2021-12-01,424,55,6,1.42
2021-12-01,424,56,3,0.71
2021-12-01,424,57,7,1.65
2022-01-01,420,0,420,100
2022-01-01,420,1,2,0.48
2022-01-01,420,2,3,0.71
2022-01-01,420,3,7,1.67
2022-01-01,420,4,4,0.95
2022-01-01,420,5,3,0.71
2022-01-01,420,6,1,0.24
2022-01-01,420,7,5,1.19
2022-01-01,420,8,4,0.95
2022-01-01,420,9,4,0.95
2022-01-01,420,10,5,1.19
2022-01-01,420,11,7,1.67
2022-01-01,420,12,4,0.95
2022-01-01,420,13,2,0.48
2022-01-01,420,14,6,1.43
2022-01-01,420,15,3,0.71
2022-01-01,420,16,4,0.95
2022-01-01,420,17,5,1.19
2022-01-01,420,18,8,1.9
2022-01-01,420,19,2,0.48
2022-01-01,420,20,4,0.95
2022-01-01,420,21,6,1.43
2022-01-01,420,22,5,1.19
2022-01-01,420,23,4,0.95
2022-01-01,420,24,3,0.71
2022-01-01,420,25,2,0.48
2022-01-01,420,26,4,0.95
2022-01-01,420,27,4,0.95
2022-01-01,420,28,2,0.48
2022-01-01,420,29,7,1.67
2022-01-01,420,30,7,1.67
2022-01-01,420,31,3,0.71
2022-01-01,420,32,2,0.48
2022-01-01,420,33,7,1.67
2022-01-01,420,34,3,0.71
2022-01-01,420,35,5,1.19
2022-01-01,420,36,7,1.67
2022-01-01,420,37,6,1.43
2022-01-01,420,38,4,0.95
2022-01-01,420,39,5,1.19
2022-01-01,420,40,4,0.95
2022-01-01,420,41,6,1.43
2022-01-01,420,42,5,1.19
2022-01-01,420,43,5,1.19
2022-01-01,420,44,5,1.19
2022-01-01,420,46,3,0.71
2022-01-01,420,47,3,0.71
2022-01-01,420,48,3,0.71
2022-01-01,420,49,3,0.71
2022-01-01,420,50,4,0.95
2022-01-01,420,51,6,1.43
2022-01-01,420,52,4,0.95
2022-01-01,420,53,7,1.67
2022-01-01,420,54,4,0.95
2022-01-01,420,55,2,0.48
2022-01-01,420,56,1,0.24
2022-02-01,431,0,431,100
2022-02-01,431,1,1,0.23
2022-02-01,431,2,4,0.93
2022-02-01,431,3,6,1.39
2022-02-01,431,4,3,0.7
2022-02-01,431,5,9,2.09
2022-02-01,431,6,6,1.39
2022-02-01,431,7,5,1.16
2022-02-01,431,8,6,1.39
2022-02-01,431,9,7,1.62
2022-02-01,431,10,2,0.46
2022-02-01,431,11,10,2.32
2022-02-01,431,12,1,0.23
2022-02-01,431,13,3,0.7
2022-02-01,431,14,6,1.39
2022-02-01,431,15,4,0.93
2022-02-01,431,16,3,0.7
2022-02-01,431,17,9,2.09
2022-02-01,431,18,9,2.09
2022-02-01,431,19,2,0.46
2022-02-01,431,20,14,3.25
2022-02-01,431,21,3,0.7
2022-02-01,431,22,5,1.16
2022-02-01,431,23,5,1.16
2022-02-01,431,24,5,1.16
2022-02-01,431,25,4,0.93
2022-02-01,431,26,4,0.93
2022-02-01,431,27,6,1.39
2022-02-01,431,28,5,1.16
2022-02-01,431,29,3,0.7
2022-02-01,431,30,3,0.7
2022-02-01,431,31,3,0.7
2022-02-01,431,32,4,0.93
2022-02-01,431,33,1,0.23
2022-02-01,431,34,4,0.93
2022-02-01,431,35,5,1.16
2022-02-01,431,36,1,0.23
2022-02-01,431,37,6,1.39
2022-02-01,431,38,5,1.16
2022-02-01,431,39,4,0.93
2022-02-01,431,40,7,1.62
2022-02-01,431,41,2,0.46
2022-02-01,431,42,2,0.46
2022-02-01,431,43,5,1.16
2022-02-01,431,44,7,1.62
2022-02-01,431,45,8,1.86
2022-02-01,431,46,10,2.32
2022-02-01,431,47,7,1.62
2022-02-01,431,48,5,1.16
2022-02-01,431,49,2,0.46
2022-02-01,431,50,6,1.39
2022-02-01,431,51,3,0.7
2022-02-01,431,52,4,0.93
2022-02-01,431,53,6,1.39
2022-02-01,431,54,3,0.7
2022-02-01,431,55,1,0.23
2022-03-01,430,0,430,100
2022-03-01,430,1,9,2.09
2022-03-01,430,2,5,1.16
2022-03-01,430,3,9,2.09
2022-03-01,430,4,6,1.4
2022-03-01,430,5,6,1.4
2022-03-01,430,6,8,1.86
2022-03-01,430,7,4,0.93
2022-03-01,430,8,4,0.93
2022-03-01,430,9,2,0.47
2022-03-01,430,10,7,1.63
2022-03-01,430,11,3,0.7
2022-03-01,430,12,3,0.7
2022-03-01,430,13,3,0.7
2022-03-01,430,14,4,0.93
2022-03-01,430,15,6,1.4
2022-03-01,430,16,5,1.16
2022-03-01,430,17,6,1.4
2022-03-01,430,18,7,1.63
2022-03-01,430,19,4,0.93
2022-03-01,430,20,2,0.47
2022-03-01,430,21,7,1.63
2022-03-01,430,22,7,1.63
2022-03-01,430,23,3,0.7
2022-03-01,430,24,4,0.93
2022-03-01,430,25,9,2.09
2022-03-01,430,26,5,1.16
2022-03-01,430,27,2,0.47
2022-03-01,430,28,3,0.7
2022-03-01,430,29,3,0.7
2022-03-01,430,30,4,0.93
2022-03-01,430,31,4,0.93
2022-03-01,430,32,1,0.23
2022-03-01,430,33,5,1.16
2022-03-01,430,34,5,1.16
2022-03-01,430,35,2,0.47
2022-03-01,430,36,9,2.09
2022-03-01,430,37,4,0.93
2022-03-01,430,38,8,1.86
2022-03-01,430,39,2,0.47
2022-03-01,430,40,7,1.63
2022-03-01,430,41,6,1.4
2022-03-01,430,42,9,2.09
2022-03-01,430,43,5,1.16
2022-03-01,430,44,1,0.23
2022-03-01,430,45,5,1.16
2022-03-01,430,46,4,0.93
2022-03-01,430,47,7,1.63
2022-03-01,430,48,8,1.86
2022-03-01,430,49,6,1.4
2022-03-01,430,50,8,1.86
2022-03-01,430,51,3,0.7
2022-03-01,430,52,7,1.63
2022-03-01,430,53,6,1.4
2022-03-01,430,54,6,1.4
2022-04-01,463,0,463,100
2022-04-01,463,1,4,0.86
2022-04-01,463,2,5,1.08
2022-04-01,463,3,5,1.08
2022-04-01,463,4,3,0.65
2022-04-01,463,5,4,0.86
2022-04-01,463,6,6,1.3
2022-04-01,463,7,5,1.08
2022-04-01,463,8,6,1.3
2022-04-01,463,9,5,1.08
2022-04-01,463,10,3,0.65
2022-04-01,463,11,7,1.51
2022-04-01,463,12,3,0.65
2022-04-01,463,13,3,0.65
2022-04-01,463,14,7,1.51
2022-04-01,463,15,3,0.65
2022-04-01,463,16,3,0.65
2022-04-01,463,17,7,1.51
2022-04-01,463,18,3,0.65
2022-04-01,463,19,3,0.65
2022-04-01,463,20,5,1.08
2022-04-01,463,21,2,0.43
2022-04-01,463,22,8,1.73
2022-04-01,463,23,6,1.3
2022-04-01,463,24,8,1.73
2022-04-01,463,25,4,0.86
2022-04-01,463,26,8,1.73
2022-04-01,463,27,5,1.08
2022-04-01,463,28,9,1.94
2022-04-01,463,29,5,1.08
2022-04-01,463,30,9,1.94
2022-04-01,463,31,1,0.22
2022-04-01,463,32,4,0.86
2022-04-01,463,33,8,1.73
2022-04-01,463,34,7,1.51
2022-04-01,463,35,2,0.43
2022-04-01,463,36,5,1.08
2022-04-01,463,37,3,0.65
2022-04-01,463,38,8,1.73
2022-04-01,463,39,7,1.51
2022-04-01,463,40,1,0.22
2022-04-01,463,41,3,0.65
2022-04-01,463,42,5,1.08
2022-04-01,463,43,2,0.43
2022-04-01,463,44,3,0.65
2022-04-01,463,45,4,0.86
2022-04-01,463,46,11,2.38
2022-04-01,463,47,7,1.51
2022-04-01,463,48,10,2.16
2022-04-01,463,49,4,0.86
2022-04-01,463,50,7,1.51
2022-04-01,463,51,4,0.86
2022-04-01,463,52,6,1.3
2022-04-01,463,53,1,0.22
2022-05-01,445,0,445,100
2022-05-01,445,1,8,1.8
2022-05-01,445,2,7,1.57
2022-05-01,445,3,4,0.9
2022-05-01,445,4,5,1.12
2022-05-01,445,5,9,2.02
2022-05-01,445,6,5,1.12
2022-05-01,445,7,7,1.57
2022-05-01,445,8,3,0.67
2022-05-01,445,9,4,0.9
2022-05-01,445,11,8,1.8
2022-05-01,445,12,6,1.35
2022-05-01,445,13,8,1.8
2022-05-01,445,14,6,1.35
2022-05-01,445,15,1,0.22
2022-05-01,445,16,5,1.12
2022-05-01,445,17,2,0.45
2022-05-01,445,18,7,1.57
2022-05-01,445,19,8,1.8
2022-05-01,445,20,7,1.57
2022-05-01,445,21,4,0.9
2022-05-01,445,22,5,1.12
2022-05-01,445,23,4,0.9
2022-05-01,445,24,6,1.35
2022-05-01,445,25,7,1.57
2022-05-01,445,26,3,0.67
2022-05-01,445,27,7,1.57
2022-05-01,445,28,3,0.67
2022-05-01,445,29,6,1.35
2022-05-01,445,30,5,1.12
2022-05-01,445,31,9,2.02
2022-05-01,445,33,5,1.12
2022-05-01,445,34,5,1.12
2022-05-01,445,35,3,0.67
2022-05-01,445,36,6,1.35
2022-05-01,445,37,6,1.35
2022-05-01,445,38,3,0.67
2022-05-01,445,39,2,0.45
2022-05-01,445,40,4,0.9
2022-05-01,445,41,5,1.12
2022-05-01,445,42,5,1.12
2022-05-01,445,43,4,0.9
2022-05-01,445,44,3,0.67
2022-05-01,445,45,4,0.9
2022-05-01,445,46,4,0.9
2022-05-01,445,47,3,0.67
2022-05-01,445,48,4,0.9
2022-05-01,445,49,6,1.35
2022-05-01,445,50,3,0.67
2022-05-01,445,51,3,0.67
2022-05-01,445,52,3,0.67
2022-06-01,520,0,520,100
2022-06-01,520,1,8,1.54
2022-06-01,520,2,4,0.77
2022-06-01,520,3,11,2.12
2022-06-01,520,4,2,0.38
2022-06-01,520,5,7,1.35
2022-06-01,520,6,5,0.96
2022-06-01,520,7,6,1.15
2022-06-01,520,8,1,0.19
2022-06-01,520,9,7,1.35
2022-06-01,520,10,2,0.38
2022-06-01,520,11,2,0.38
2022-06-01,520,12,2,0.38
2022-06-01,520,13,4,0.77
2022-06-01,520,14,7,1.35
2022-06-01,520,15,2,0.38
2022-06-01,520,16,9,1.73
2022-06-01,520,17,5,0.96
2022-06-01,520,18,8,1.54
2022-06-01,520,19,8,1.54
2022-06-01,520,20,7,1.35
2022-06-01,520,21,9,1.73
2022-06-01,520,22,2,0.38
2022-06-01,520,23,2,0.38
2022-06-01,520,24,10,1.92
2022-06-01,520,25,3,0.58
2022-06-01,520,26,3,0.58
2022-06-01,520,27,6,1.15
2022-06-01,520,28,6,1.15
2022-06-01,520,29,6,1.15
2022-06-01,520,30,3,0.58
2022-06-01,520,31,7,1.35
2022-06-01,520,32,3,0.58
2022-06-01,520,33,5,0.96
2022-06-01,520,34,10,1.92
2022-06-01,520,35,3,0.58
2022-06-01,520,36,8,1.54
2022-06-01,520,37,4,0.77
2022-06-01,520,38,9,1.73
2022-06-01,520,39,5,0.96
2022-06-01,520,40,2,0.38
2022-06-01,520,41,5,0.96
2022-06-01,520,42,3,0.58
2022-06-01,520,43,12,2.31
2022-06-01,520,44,6,1.15
2022-06-01,520,45,5,0.96
2022-06-01,520,46,8,1.54
2022-06-01,520,47,8,1.54
2022-06-01,520,48,3,0.58
2022-06-01,520,49,12,2.31
2022-06-01,520,50,7,1.35
2022-06-01,520,51,4,0.77
2022-07-01,511,0,511,100
2022-07-01,511,1,8,1.57
2022-07-01,511,2,7,1.37
2022-07-01,511,3,4,0.78
2022-07-01,511,4,4,0.78
2022-07-01,511,5,7,1.37
2022-07-01,511,6,3,0.59
2022-07-01,511,7,2,0.39
2022-07-01,511,8,4,0.78
2022-07-01,511,9,4,0.78
2022-07-01,511,10,5,0.98
2022-07-01,511,11,3,0.59
2022-07-01,511,12,6,1.17
2022-07-01,511,13,6,1.17
2022-07-01,511,14,5,0.98
2022-07-01,511,15,4,0.78
2022-07-01,511,16,6,1.17
2022-07-01,511,17,6,1.17
2022-07-01,511,18,2,0.39
2022-07-01,511,19,3,0.59
2022-07-01,511,20,7,1.37
2022-07-01,511,21,4,0.78
2022-07-01,511,22,8,1.57
2022-07-01,511,23,8,1.57
2022-07-01,511,24,2,0.39
2022-07-01,511,25,4,0.78
2022-07-01,511,26,3,0.59
2022-07-01,511,27,3,0.59
2022-07-01,511,28,4,0.78
2022-07-01,511,29,5,0.98
2022-07-01,511,30,5,0.98
2022-07-01,511,31,4,0.78
2022-07-01,511,32,3,0.59
2022-07-01,511,33,2,0.39
2022-07-01,511,34,4,0.78
2022-07-01,511,35,6,1.17
2022-07-01,511,36,3,0.59
2022-07-01,511,37,9,1.76
2022-07-01,511,38,7,1.37
2022-07-01,511,39,8,1.57
2022-07-01,511,40,3,0.59
2022-07-01,511,41,1,0.2
2022-07-01,511,42,3,0.59
2022-07-01,511,43,3,0.59
2022-07-01,511,44,8,1.57
2022-07-01,511,45,3,0.59
2022-07-01,511,46,2,0.39
2022-07-01,511,47,10,1.96
2022-07-01,511,48,7,1.37
2022-07-01,511,49,7,1.37
2022-08-01,546,0,546,100
2022-08-01,546,1,4,0.73
2022-08-01,546,2,5,0.92
2022-08-01,546,3,8,1.47
2022-08-01,546,4,6,1.1
2022-08-01,546,5,5,0.92
2022-08-01,546,6,6,1.1
2022-08-01,546,7,5,0.92
2022-08-01,546,8,5,0.92
2022-08-01,546,9,3,0.55
2022-08-01,546,10,5,0.92
2022-08-01,546,11,10,1.83
2022-08-01,546,12,8,1.47
2022-08-01,546,13,3,0.55
2022-08-01,546,14,8,1.47
2022-08-01,546,15,3,0.55
2022-08-01,546,16,13,2.38
2022-08-01,546,17,5,0.92
2022-08-01,546,18,7,1.28
2022-08-01,546,19,6,1.1
2022-08-01,546,20,6,1.1
2022-08-01,546,21,3,0.55
2022-08-01,546,22,4,0.73
2022-08-01,546,23,4,0.73
2022-08-01,546,24,8,1.47
2022-08-01,546,25,6,1.1
2022-08-01,546,26,6,1.1
2022-08-01,546,27,8,1.47
2022-08-01,546,28,4,0.73
2022-08-01,546,29,9,1.65
2022-08-01,546,30,6,1.1
2022-08-01,546,31,8,1.47
2022-08-01,546,32,6,1.1
2022-08-01,546,33,7,1.28
2022-08-01,546,34,2,0.37
2022-08-01,546,35,9,1.65
2022-08-01,546,36,9,1.65
2022-08-01,546,37,3,0.55
2022-08-01,546,38,12,2.2
2022-08-01,546,39,9,1.65
2022-08-01,546,40,8,1.47
2022-08-01,546,41,2,0.37
2022-08-01,546,42,4,0.73
2022-08-01,546,43,4,0.73
2022-08-01,546,44,11,2.01
2022-08-01,546,45,10,1.83
2022-08-01,546,46,6,1.1
2022-08-01,546,47,9,1.65
2022-08-01,546,48,5,0.92
2022-08-01,546,49,6,1.1
2022-09-01,549,0,549,100
2022-09-01,549,1,7,1.28
2022-09-01,549,2,10,1.82
2022-09-01,549,3,6,1.09
2022-09-01,549,4,7,1.28
2022-09-01,549,5,4,0.73
2022-09-01,549,6,5,0.91
2022-09-01,549,7,10,1.82
2022-09-01,549,8,4,0.73
2022-09-01,549,9,9,1.64
2022-09-01,549,10,9,1.64
2022-09-01,549,11,4,0.73
2022-09-01,549,12,9,1.64
2022-09-01,549,13,6,1.09
2022-09-01,549,14,7,1.28
2022-09-01,549,15,6,1.09
2022-09-01,549,16,7,1.28
2022-09-01,549,17,10,1.82
2022-09-01,549,18,5,0.91
2022-09-01,549,19,6,1.09
2022-09-01,549,20,3,0.55
2022-09-01,549,21,10,1.82
2022-09-01,549,22,4,0.73
2022-09-01,549,23,2,0.36
2022-09-01,549,24,5,0.91
2022-09-01,549,25,7,1.28
2022-09-01,549,26,8,1.46
2022-09-01,549,27,6,1.09
2022-09-01,549,28,2,0.36
2022-09-01,549,29,3,0.55
2022-09-01,549,30,9,1.64
2022-09-01,549,31,6,1.09
2022-09-01,549,32,7,1.28
2022-09-01,549,33,5,0.91
2022-09-01,549,34,6,1.09
2022-09-01,549,35,7,1.28
2022-09-01,549,36,7,1.28
2022-09-01,549,37,10,1.82
2022-09-01,549,38,6,1.09
2022-09-01,549,39,7,1.28
2022-09-01,549,40,3,0.55
2022-09-01,549,41,4,0.73
2022-09-01,549,42,12,2.19
2022-09-01,549,43,7,1.28
2022-09-01,549,44,9,1.64
2022-09-01,549,45,7,1.28
2022-09-01,549,46,2,0.36
2022-09-01,549,47,10,1.82
2022-09-01,549,48,9,1.64
2022-10-01,569,0,569,100
2022-10-01,569,1,8,1.41
2022-10-01,569,2,3,0.53
2022-10-01,569,3,5,0.88
2022-10-01,569,4,9,1.58
2022-10-01,569,5,5,0.88
2022-10-01,569,6,5,0.88
2022-10-01,569,7,10,1.76
2022-10-01,569,8,13,2.28
2022-10-01,569,9,2,0.35
2022-10-01,569,10,3,0.53
2022-10-01,569,11,7,1.23
2022-10-01,569,12,10,1.76
2022-10-01,569,13,8,1.41
2022-10-01,569,14,3,0.53
2022-10-01,569,15,8,1.41
2022-10-01,569,16,7,1.23
2022-10-01,569,17,4,0.7
2022-10-01,569,18,4,0.7
2022-10-01,569,19,3,0.53
2022-10-01,569,20,3,0.53
2022-10-01,569,21,8,1.41
2022-10-01,569,22,9,1.58
2022-10-01,569,23,3,0.53
2022-10-01,569,24,6,1.05
2022-10-01,569,25,6,1.05
2022-10-01,569,26,6,1.05
2022-10-01,569,27,11,1.93
2022-10-01,569,28,7,1.23
2022-10-01,569,29,6,1.05
2022-10-01,569,30,7,1.23
2022-10-01,569,31,6,1.05
2022-10-01,569,32,5,0.88
2022-10-01,569,33,10,1.76
2022-10-01,569,34,11,1.93
2022-10-01,569,35,9,1.58
2022-10-01,569,36,7,1.23
2022-10-01,569,37,2,0.35
2022-10-01,569,38,7,1.23
2022-10-01,569,39,7,1.23
2022-10-01,569,40,7,1.23
2022-10-01,569,41,6,1.05
2022-10-01,569,42,4,0.7
2022-10-01,569,43,10,1.76
2022-10-01,569,44,5,0.88
2022-10-01,569,45,6,1.05
2022-10-01,569,46,9,1.58
2022-10-01,569,47,7,1.23
2022-11-01,583,0,583,100
2022-11-01,583,1,6,1.03
2022-11-01,583,2,10,1.72
2022-11-01,583,3,4,0.69
2022-11-01,583,4,6,1.03
2022-11-01,583,5,11,1.89
2022-11-01,583,6,14,2.4
2022-11-01,583,7,8,1.37
2022-11-01,583,8,11,1.89
2022-11-01,583,9,8,1.37
2022-11-01,583,10,6,1.03
2022-11-01,583,11,9,1.54
2022-11-01,583,12,7,1.2
2022-11-01,583,13,5,0.86
2022-11-01,583,14,9,1.54
2022-11-01,583,15,8,1.37
2022-11-01,583,16,4,0.69
2022-11-01,583,17,6,1.03
2022-11-01,583,18,10,1.72
2022-11-01,583,19,4,0.69
2022-11-01,583,20,10,1.72
2022-11-01,583,21,7,1.2
2022-11-01,583,22,5,0.86
2022-11-01,583,23,12,2.06
2022-11-01,583,24,3,0.51
2022-11-01,583,25,6,1.03
2022-11-01,583,26,7,1.2
2022-11-01,583,27,4,0.69
2022-11-01,583,28,5,0.86
2022-11-01,583,29,5,0.86
2022-11-01,583,30,7,1.2
2022-11-01,583,31,7,1.2
2022-11-01,583,32,10,1.72
2022-11-01,583,33,7,1.2
2022-11-01,583,34,10,1.72
2022-11-01,583,35,12,2.06
2022-11-01,583,36,9,1.54
2022-11-01,583,37,3,0.51
2022-11-01,583,38,8,1.37
2022-11-01,583,39,6,1.03
2022-11-01,583,40,4,0.69
2022-11-01,583,41,4,0.69
2022-11-01,583,42,6,1.03
2022-11-01,583,43,7,1.2
2022-11-01,583,44,9,1.54
2022-11-01,583,45,7,1.2
2022-11-01,583,46,9,1.54
2022-12-01,573,0,573,100
2022-12-01,573,1,11,1.92
2022-12-01,573,2,6,1.05
2022-12-01,573,3,5,0.87
2022-12-01,573,4,6,1.05
2022-12-01,573,5,13,2.27
2022-12-01,573,6,6,1.05
2022-12-01,573,7,4,0.7
2022-12-01,573,8,6,1.05
2022-12-01,573,9,10,1.75
2022-12-01,573,10,7,1.22
2022-12-01,573,11,5,0.87
2022-12-01,573,12,14,2.44
2022-12-01,573,13,14,2.44
2022-12-01,573,14,6,1.05
2022-12-01,573,15,11,1.92
2022-12-01,573,16,7,1.22
2022-12-01,573,17,9,1.57
2022-12-01,573,18,7,1.22
2022-12-01,573,19,10,1.75
2022-12-01,573,20,10,1.75
2022-12-01,573,21,11,1.92
2022-12-01,573,22,10,1.75
2022-12-01,573,23,4,0.7
2022-12-01,573,24,6,1.05
2022-12-01,573,25,5,0.87
2022-12-01,573,26,7,1.22
2022-12-01,573,27,7,1.22
2022-12-01,573,28,9,1.57
2022-12-01,573,29,9,1.57
2022-12-01,573,30,9,1.57
2022-12-01,573,31,5,0.87
2022-12-01,573,32,8,1.4
2022-12-01,573,33,11,1.92
2022-12-01,573,34,2,0.35
2022-12-01,573,35,8,1.4
2022-12-01,573,36,3,0.52
2022-12-01,573,37,10,1.75
2022-12-01,573,38,13,2.27
2022-12-01,573,39,9,1.57
2022-12-01,573,40,5,0.87
2022-12-01,573,41,8,1.4
2022-12-01,573,42,12,2.09
2022-12-01,573,43,6,1.05
2022-12-01,573,44,7,1.22
2022-12-01,573,45,10,1.75
2023-01-01,618,0,618,100
2023-01-01,618,1,8,1.29
2023-01-01,618,2,10,1.62
2023-01-01,618,3,9,1.46
2023-01-01,618,4,14,2.27
2023-01-01,618,5,7,1.13
2023-01-01,618,6,12,1.94
2023-01-01,618,7,6,0.97
2023-01-01,618,8,9,1.46
2023-01-01,618,9,8,1.29
2023-01-01,618,10,2,0.32
2023-01-01,618,11,6,0.97
2023-01-01,618,12,9,1.46
2023-01-01,618,13,6,0.97
2023-01-01,618,14,13,2.1
2023-01-01,618,15,10,1.62
2023-01-01,618,16,9,1.46
2023-01-01,618,17,10,1.62
2023-01-01,618,18,8,1.29
2023-01-01,618,19,6,0.97
2023-01-01,618,20,9,1.46
2023-01-01,618,21,8,1.29
2023-01-01,618,22,3,0.49
2023-01-01,618,23,9,1.46
2023-01-01,618,24,4,0.65
2023-01-01,618,25,4,0.65
2023-01-01,618,26,5,0.81
2023-01-01,618,27,10,1.62
2023-01-01,618,28,10,1.62
2023-01-01,618,29,9,1.46
2023-01-01,618,30,8,1.29
2023-01-01,618,31,7,1.13
2023-01-01,618,32,2,0.32
2023-01-01,618,33,6,0.97
2023-01-01,618,34,6,0.97
2023-01-01,618,35,10,1.62
2023-01-01,618,36,8,1.29
2023-01-01,618,37,6,0.97
2023-01-01,618,38,6,0.97
2023-01-01,618,39,5,0.81
2023-01-01,618,40,10,1.62
2023-01-01,618,41,6,0.97
2023-01-01,618,42,12,1.94
2023-01-01,618,43,9,1.46
2023-01-01,618,44,2,0.32
2023-02-01,567,0,567,100
2023-02-01,567,1,14,2.47
2023-02-01,567,2,8,1.41
2023-02-01,567,3,13,2.29
2023-02-01,567,4,6,1.06
2023-02-01,567,5,9,1.59
2023-02-01,567,6,7,1.23
2023-02-01,567,7,9,1.59
2023-02-01,567,8,8,1.41
2023-02-01,567,9,7,1.23
2023-02-01,567,10,3,0.53
2023-02-01,567,11,10,1.76
2023-02-01,567,12,5,0.88
2023-02-01,567,13,9,1.59
2023-02-01,567,14,5,0.88
2023-02-01,567,15,8,1.41
2023-02-01,567,16,6,1.06
2023-02-01,567,17,6,1.06
2023-02-01,567,18,7,1.23
2023-02-01,567,19,8,1.41
2023-02-01,567,20,4,0.71
2023-02-01,567,21,5,0.88
2023-02-01,567,22,6,1.06
2023-02-01,567,23,7,1.23
2023-02-01,567,24,4,0.71
2023-02-01,567,25,10,1.76
2023-02-01,567,26,5,0.88
2023-02-01,567,27,5,0.88
2023-02-01,567,28,6,1.06
2023-02-01,567,29,6,1.06
2023-02-01,567,30,6,1.06
2023-02-01,567,31,8,1.41
2023-02-01,567,32,8,1.41
2023-02-01,567,33,7,1.23
2023-02-01,567,34,7,1.23
2023-02-01,567,35,7,1.23
2023-02-01,567,36,7,1.23
2023-02-01,567,37,7,1.23
2023-02-01,567,38,7,1.23
2023-02-01,567,39,9,1.59
2023-02-01,567,40,6,1.06
2023-02-01,567,41,5,0.88
2023-02-01,567,42,3,0.53
2023-02-01,567,43,8,1.41
2023-03-01,671,0,671,100
2023-03-01,671,1,7,1.04
2023-03-01,671,2,2,0.3
2023-03-01,671,3,8,1.19
2023-03-01,671,4,10,1.49
2023-03-01,671,5,10,1.49
2023-03-01,671,6,10,1.49
2023-03-01,671,7,13,1.94
2023-03-01,671,8,4,0.6
2023-03-01,671,9,8,1.19
2023-03-01,671,10,3,0.45
2023-03-01,671,11,6,0.89
2023-03-01,671,12,14,2.09
2023-03-01,671,13,8,1.19
2023-03-01,671,14,9,1.34
2023-03-01,671,15,11,1.64
2023-03-01,671,16,7,1.04
2023-03-01,671,17,9,1.34
2023-03-01,671,18,8,1.19
2023-03-01,671,19,13,1.94
2023-03-01,671,20,9,1.34
2023-03-01,671,21,11,1.64
2023-03-01,671,22,4,0.6
2023-03-01,671,23,7,1.04
2023-03-01,671,24,13,1.94
2023-03-01,671,25,12,1.79
2023-03-01,671,26,12,1.79
2023-03-01,671,27,6,0.89
2023-03-01,671,28,10,1.49
2023-03-01,671,29,9,1.34
2023-03-01,671,30,9,1.34
2023-03-01,671,31,9,1.34
2023-03-01,671,32,7,1.04
2023-03-01,671,33,13,1.94
2023-03-01,671,34,10,1.49
2023-03-01,671,35,8,1.19
2023-03-01,671,36,6,0.89
2023-03-01,671,37,9,1.34
2023-03-01,671,38,5,0.75
2023-03-01,671,39,13,1.94
2023-03-01,671,40,4,0.6
2023-03-01,671,41,11,1.64
2023-03-01,671,42,6,0.89
2023-04-01,686,0,686,100
2023-04-01,686,1,13,1.9
2023-04-01,686,2,11,1.6
2023-04-01,686,3,10,1.46
2023-04-01,686,4,6,0.87
2023-04-01,686,5,3,0.44
2023-04-01,686,6,7,1.02
2023-04-01,686,7,10,1.46
2023-04-01,686,8,8,1.17
2023-04-01,686,9,5,0.73
2023-04-01,686,10,6,0.87
2023-04-01,686,11,9,1.31
2023-04-01,686,12,9,1.31
2023-04-01,686,13,11,1.6
2023-04-01,686,14,8,1.17
2023-04-01,686,15,5,0.73
2023-04-01,686,16,7,1.02
2023-04-01,686,17,6,0.87
2023-04-01,686,18,12,1.75
2023-04-01,686,19,12,1.75
2023-04-01,686,20,8,1.17
2023-04-01,686,21,7,1.02
2023-04-01,686,22,7,1.02
2023-04-01,686,23,8,1.17
2023-04-01,686,24,5,0.73
2023-04-01,686,25,11,1.6
2023-04-01,686,26,11,1.6
2023-04-01,686,27,8,1.17
2023-04-01,686,28,5,0.73
2023-04-01,686,29,3,0.44
2023-04-01,686,30,16,2.33
2023-04-01,686,31,6,0.87
2023-04-01,686,32,12,1.75
2023-04-01,686,33,8,1.17
2023-04-01,686,34,9,1.31
2023-04-01,686,35,11,1.6
2023-04-01,686,36,11,1.6
2023-04-01,686,37,3,0.44
2023-04-01,686,38,17,2.48
2023-04-01,686,39,10,1.46
2023-04-01,686,40,10,1.46
2023-04-01,686,41,8,1.17
2023-05-01,628,0,628,100
2023-05-01,628,1,6,0.96
2023-05-01,628,2,8,1.27
2023-05-01,628,3,6,0.96
2023-05-01,628,4,10,1.59
2023-05-01,628,5,10,1.59
2023-05-01,628,6,5,0.8
2023-05-01,628,7,10,1.59
2023-05-01,628,8,5,0.8
2023-05-01,628,9,7,1.11
2023-05-01,628,10,11,1.75
2023-05-01,628,11,6,0.96
2023-05-01,628,12,9,1.43
2023-05-01,628,13,4,0.64
2023-05-01,628,14,5,0.8
2023-05-01,628,15,4,0.64
2023-05-01,628,16,9,1.43
2023-05-01,628,17,9,1.43
2023-05-01,628,18,8,1.27
2023-05-01,628,19,14,2.23
2023-05-01,628,20,8,1.27
2023-05-01,628,21,6,0.96
2023-05-01,628,22,7,1.11
2023-05-01,628,23,7,1.11
2023-05-01,628,24,8,1.27
2023-05-01,628,25,6,0.96
2023-05-01,628,26,8,1.27
2023-05-01,628,27,13,2.07
2023-05-01,628,28,9,1.43
2023-05-01,628,29,9,1.43
2023-05-01,628,30,10,1.59
2023-05-01,628,31,9,1.43
2023-05-01,628,32,9,1.43
2023-05-01,628,33,5,0.8
2023-05-01,628,34,16,2.55
2023-05-01,628,35,10,1.59
2023-05-01,628,36,7,1.11
2023-05-01,628,37,7,1.11
2023-05-01,628,38,10,1.59
2023-05-01,628,39,10,1.59
2023-05-01,628,40,10,1.59
2023-06-01,640,0,640,100
2023-06-01,640,1,6,0.94
2023-06-01,640,2,18,2.81
2023-06-01,640,3,11,1.72
2023-06-01,640,4,8,1.25
2023-06-01,640,5,6,0.94
2023-06-01,640,6,16,2.5
2023-06-01,640,7,6,0.94
2023-06-01,640,8,7,1.09
2023-06-01,640,9,10,1.56
2023-06-01,640,10,8,1.25
2023-06-01,640,11,9,1.41
2023-06-01,640,12,11,1.72
2023-06-01,640,13,6,0.94
2023-06-01,640,14,7,1.09
2023-06-01,640,15,6,0.94
2023-06-01,640,16,9,1.41
2023-06-01,640,17,17,2.66
2023-06-01,640,18,6,0.94
2023-06-01,640,19,7,1.09
2023-06-01,640,20,6,0.94
2023-06-01,640,21,4,0.63
2023-06-01,640,22,4,0.63
2023-06-01,640,23,9,1.41
2023-06-01,640,24,8,1.25
2023-06-01,640,25,13,2.03
2023-06-01,640,26,11,1.72
2023-06-01,640,27,6,0.94
2023-06-01,640,28,11,1.72
2023-06-01,640,29,14,2.19
2023-06-01,640,30,9,1.41
2023-06-01,640,31,8,1.25
2023-06-01,640,32,6,0.94
2023-06-01,640,33,9,1.41
2023-06-01,640,34,6,0.94
2023-06-01,640,35,10,1.56
2023-06-01,640,36,7,1.09
2023-06-01,640,37,12,1.88
2023-06-01,640,38,10,1.56
2023-06-01,640,39,8,1.25
2023-07-01,671,0,671,100
2023-07-01,671,1,4,0.6
2023-07-01,671,2,11,1.64
2023-07-01,671,3,10,1.49
2023-07-01,671,4,10,1.49
2023-07-01,671,5,11,1.64
2023-07-01,671,6,8,1.19
2023-07-01,671,7,12,1.79
2023-07-01,671,8,13,1.94
2023-07-01,671,9,16,2.38
2023-07-01,671,10,14,2.09
2023-07-01,671,11,8,1.19
2023-07-01,671,12,6,0.89
2023-07-01,671,13,10,1.49
2023-07-01,671,14,9,1.34
2023-07-01,671,15,8,1.19
2023-07-01,671,16,8,1.19
2023-07-01,671,17,9,1.34
2023-07-01,671,18,12,1.79
2023-07-01,671,19,5,0.75
2023-07-01,671,20,8,1.19
2023-07-01,671,21,7,1.04
2023-07-01,671,22,8,1.19
2023-07-01,671,23,10,1.49
2023-07-01,671,24,7,1.04
2023-07-01,671,25,5,0.75
2023-07-01,671,26,7,1.04
2023-07-01,671,27,8,1.19
2023-07-01,671,28,6,0.89
2023-07-01,671,29,5,0.75
2023-07-01,671,30,7,1.04
2023-07-01,671,31,17,2.53
2023-07-01,671,32,3,0.45
2023-07-01,671,33,9,1.34
2023-07-01,671,34,7,1.04
2023-07-01,671,35,11,1.64
2023-07-01,671,36,10,1.49
2023-07-01,671,37,9,1.34
2023-07-01,671,38,12,1.79
2023-08-01,716,0,716,100
2023-08-01,716,1,11,1.54
2023-08-01,716,2,10,1.4
2023-08-01,716,3,8,1.12
2023-08-01,716,4,10,1.4
2023-08-01,716,5,7,0.98
2023-08-01,716,6,7,0.98
2023-08-01,716,7,8,1.12
2023-08-01,716,8,13,1.82
2023-08-01,716,9,6,0.84
2023-08-01,716,10,11,1.54
2023-08-01,716,11,9,1.26
2023-08-01,716,12,11,1.54
2023-08-01,716,13,13,1.82
2023-08-01,716,14,10,1.4
2023-08-01,716,15,7,0.98
2023-08-01,716,16,11,1.54
2023-08-01,716,17,7,0.98
2023-08-01,716,18,8,1.12
2023-08-01,716,19,10,1.4
2023-08-01,716,20,15,2.09
2023-08-01,716,21,9,1.26
2023-08-01,716,22,9,1.26
2023-08-01,716,23,11,1.54
2023-08-01,716,24,9,1.26
2023-08-01,716,25,10,1.4
2023-08-01,716,26,7,0.98
2023-08-01,716,27,11,1.54
2023-08-01,716,28,12,1.68
2023-08-01,716,29,14,1.96
2023-08-01,716,30,9,1.26
2023-08-01,716,31,8,1.12
2023-08-01,716,32,13,1.82
2023-08-01,716,33,13,1.82
2023-08-01,716,34,9,1.26
2023-08-01,716,35,10,1.4
2023-08-01,716,36,8,1.12
2023-08-01,716,37,8,1.12
2023-09-01,719,0,719,100
2023-09-01,719,1,11,1.53
2023-09-01,719,2,11,1.53
2023-09-01,719,3,12,1.67
2023-09-01,719,4,7,0.97
2023-09-01,719,5,10,1.39
2023-09-01,719,6,3,0.42
2023-09-01,719,7,9,1.25
2023-09-01,719,8,7,0.97
2023-09-01,719,9,7,0.97
2023-09-01,719,10,9,1.25
2023-09-01,719,11,11,1.53
2023-09-01,719,12,13,1.81
2023-09-01,719,13,8,1.11
2023-09-01,719,14,10,1.39
2023-09-01,719,15,12,1.67
2023-09-01,719,16,8,1.11
2023-09-01,719,17,9,1.25
2023-09-01,719,18,15,2.09
2023-09-01,719,19,8,1.11
2023-09-01,719,20,14,1.95
2023-09-01,719,21,11,1.53
2023-09-01,719,22,11,1.53
2023-09-01,719,23,11,1.53
2023-09-01,719,24,8,1.11
2023-09-01,719,25,15,2.09
2023-09-01,719,26,5,0.7
2023-09-01,719,27,11,1.53
2023-09-01,719,28,6,0.83
2023-09-01,719,29,6,0.83
2023-09-01,719,30,8,1.11
2023-09-01,719,31,7,0.97
2023-09-01,719,32,10,1.39
2023-09-01,719,33,9,1.25
2023-09-01,719,34,13,1.81
2023-09-01,719,35,10,1.39
2023-09-01,719,36,8,1.11
2023-10-01,743,0,743,100
2023-10-01,743,1,7,0.94
2023-10-01,743,2,10,1.35
2023-10-01,743,3,9,1.21
2023-10-01,743,4,9,1.21
2023-10-01,743,5,12,1.62
2023-10-01,743,6,10,1.35
2023-10-01,743,7,10,1.35
2023-10-01,743,8,5,0.67
2023-10-01,743,9,8,1.08
2023-10-01,743,10,8,1.08
2023-10-01,743,11,13,1.75
2023-10-01,743,12,16,2.15
2023-10-01,743,13,7,0.94
2023-10-01,743,14,17,2.29
2023-10-01,743,15,13,1.75
2023-10-01,743,16,7,0.94
2023-10-01,743,17,10,1.35
2023-10-01,743,18,13,1.75
2023-10-01,743,19,10,1.35
2023-10-01,743,20,6,0.81
2023-10-01,743,21,9,1.21
2023-10-01,743,22,11,1.48
2023-10-01,743,23,12,1.62
2023-10-01,743,24,10,1.35
2023-10-01,743,25,16,2.15
2023-10-01,743,26,13,1.75
2023-10-01,743,27,11,1.48
2023-10-01,743,28,8,1.08
2023-10-01,743,29,7,0.94
2023-10-01,743,30,9,1.21
2023-10-01,743,31,7,0.94
2023-10-01,743,32,6,0.81
2023-10-01,743,33,7,0.94
2023-10-01,743,34,12,1.62
2023-10-01,743,35,14,1.88
2023-11-01,757,0,757,100
2023-11-01,757,1,15,1.98
2023-11-01,757,2,11,1.45
2023-11-01,757,3,10,1.32
2023-11-01,757,4,18,2.38
2023-11-01,757,5,13,1.72
2023-11-01,757,6,7,0.92
2023-11-01,757,7,9,1.19
2023-11-01,757,8,9,1.19
2023-11-01,757,9,6,0.79
2023-11-01,757,10,9,1.19
2023-11-01,757,11,12,1.59
2023-11-01,757,12,20,2.64
2023-11-01,757,13,9,1.19
2023-11-01,757,14,8,1.06
2023-11-01,757,15,12,1.59
2023-11-01,757,16,9,1.19
2023-11-01,757,17,8,1.06
2023-11-01,757,18,11,1.45
2023-11-01,757,19,18,2.38
2023-11-01,757,20,11,1.45
2023-11-01,757,21,10,1.32
2023-11-01,757,22,11,1.45
2023-11-01,757,23,7,0.92
2023-11-01,757,24,10,1.32
2023-11-01,757,25,16,2.11
2023-11-01,757,26,9,1.19
2023-11-01,757,27,11,1.45
2023-11-01,757,28,10,1.32
2023-11-01,757,29,8,1.06
2023-11-01,757,30,6,0.79
2023-11-01,757,31,7,0.92
2023-11-01,757,32,16,2.11
2023-11-01,757,33,9,1.19
2023-11-01,757,34,14,1.85
2023-12-01,783,0,783,100
2023-12-01,783,1,9,1.15
2023-12-01,783,2,7,0.89
2023-12-01,783,3,13,1.66
2023-12-01,783,4,12,1.53
2023-12-01,783,5,17,2.17
2023-12-01,783,6,16,2.04
2023-12-01,783,7,16,2.04
2023-12-01,783,8,12,1.53
2023-12-01,783,9,20,2.55
2023-12-01,783,10,9,1.15
2023-12-01,783,11,7,0.89
2023-12-01,783,12,6,0.77
2023-12-01,783,13,6,0.77
2023-12-01,783,14,14,1.79
2023-12-01,783,15,14,1.79
2023-12-01,783,16,9,1.15
2023-12-01,783,17,19,2.43
2023-12-01,783,18,10,1.28
2023-12-01,783,19,10,1.28
2023-12-01,783,20,8,1.02
2023-12-01,783,21,11,1.4
2023-12-01,783,22,8,1.02
2023-12-01,783,23,10,1.28
2023-12-01,783,24,9,1.15
2023-12-01,783,25,12,1.53
2023-12-01,783,26,9,1.15
2023-12-01,783,27,12,1.53
2023-12-01,783,28,10,1.28
2023-12-01,783,29,6,0.77
2023-12-01,783,30,13,1.66
2023-12-01,783,31,11,1.4
2023-12-01,783,32,8,1.02
2023-12-01,783,33,9,1.15
2024-01-01,772,0,772,100
2024-01-01,772,1,9,1.17
2024-01-01,772,2,17,2.2
2024-01-01,772,3,4,0.52
2024-01-01,772,4,16,2.07
2024-01-01,772,5,9,1.17
2024-01-01,772,6,16,2.07
2024-01-01,772,7,10,1.3
2024-01-01,772,8,10,1.3
2024-01-01,772,9,7,0.91
2024-01-01,772,10,8,1.04
2024-01-01,772,11,12,1.55
2024-01-01,772,12,7,0.91
2024-01-01,772,13,15,1.94
2024-01-01,772,14,7,0.91
2024-01-01,772,15,14,1.81
2024-01-01,772,16,11,1.42
2024-01-01,772,17,12,1.55
2024-01-01,772,18,13,1.68
2024-01-01,772,19,16,2.07
2024-01-01,772,20,12,1.55
2024-01-01,772,21,10,1.3
2024-01-01,772,22,14,1.81
2024-01-01,772,23,18,2.33
2024-01-01,772,24,13,1.68
2024-01-01,772,25,12,1.55
2024-01-01,772,26,9,1.17
2024-01-01,772,27,9,1.17
2024-01-01,772,28,6,0.78
2024-01-01,772,29,11,1.42
2024-01-01,772,30,19,2.46
2024-01-01,772,31,14,1.81
2024-01-01,772,32,11,1.42
2024-02-01,721,0,721,100
2024-02-01,721,1,6,0.83
2024-02-01,721,2,11,1.53
2024-02-01,721,3,6,0.83
2024-02-01,721,4,11,1.53
2024-02-01,721,5,10,1.39
2024-02-01,721,6,10,1.39
2024-02-01,721,7,10,1.39
2024-02-01,721,8,16,2.22
2024-02-01,721,9,11,1.53
2024-02-01,721,10,8,1.11
2024-02-01,721,11,13,1.8
2024-02-01,721,12,10,1.39
2024-02-01,721,13,11,1.53
2024-02-01,721,14,11,1.53
2024-02-01,721,15,12,1.66
2024-02-01,721,16,9,1.25
2024-02-01,721,17,9,1.25
2024-02-01,721,18,11,1.53
2024-02-01,721,19,10,1.39
2024-02-01,721,20,11,1.53
2024-02-01,721,21,7,0.97
2024-02-01,721,22,10,1.39
2024-02-01,721,23,7,0.97
2024-02-01,721,24,10,1.39
2024-02-01,721,25,9,1.25
2024-02-01,721,26,12,1.66
2024-02-01,721,27,6,0.83
2024-02-01,721,28,11,1.53
2024-02-01,721,29,14,1.94
2024-02-01,721,30,9,1.25
2024-02-01,721,31,6,0.83
2024-03-01,847,0,847,100
2024-03-01,847,1,12,1.42
2024-03-01,847,2,9,1.06
2024-03-01,847,3,15,1.77
2024-03-01,847,4,7,0.83
2024-03-01,847,5,14,1.65
2024-03-01,847,6,12,1.42
2024-03-01,847,7,11,1.3
2024-03-01,847,8,10,1.18
2024-03-01,847,9,12,1.42
2024-03-01,847,10,12,1.42
2024-03-01,847,11,15,1.77
2024-03-01,847,12,17,2.01
2024-03-01,847,13,16,1.89
2024-03-01,847,14,11,1.3
2024-03-01,847,15,13,1.53
2024-03-01,847,16,10,1.18
2024-03-01,847,17,9,1.06
2024-03-01,847,18,8,0.94
2024-03-01,847,19,12,1.42
2024-03-01,847,20,20,2.36
2024-03-01,847,21,16,1.89
2024-03-01,847,22,21,2.48
2024-03-01,847,23,11,1.3
2024-03-01,847,24,15,1.77
2024-03-01,847,25,15,1.77
2024-03-01,847,26,9,1.06
2024-03-01,847,27,8,0.94
2024-03-01,847,28,8,0.94
2024-03-01,847,29,9,1.06
2024-03-01,847,30,10,1.18
2024-04-01,856,0,856,100
2024-04-01,856,1,11,1.29
2024-04-01,856,2,7,0.82
2024-04-01,856,3,16,1.87
2024-04-01,856,4,14,1.64
2024-04-01,856,5,11,1.29
2024-04-01,856,6,15,1.75
2024-04-01,856,7,9,1.05
2024-04-01,856,8,14,1.64
2024-04-01,856,9,19,2.22
2024-04-01,856,10,15,1.75
2024-04-01,856,11,15,1.75
2024-04-01,856,12,12,1.4
2024-04-01,856,13,13,1.52
2024-04-01,856,14,10,1.17
2024-04-01,856,15,12,1.4
2024-04-01,856,16,20,2.34
2024-04-01,856,17,8,0.93
2024-04-01,856,18,24,2.8
2024-04-01,856,19,12,1.4
2024-04-01,856,20,14,1.64
2024-04-01,856,21,11,1.29
2024-04-01,856,22,6,0.7
2024-04-01,856,23,13,1.52
2024-04-01,856,24,11,1.29
2024-04-01,856,25,13,1.52
2024-04-01,856,26,13,1.52
2024-04-01,856,27,12,1.4
2024-04-01,856,28,20,2.34
2024-04-01,856,29,13,1.52
2024-05-01,901,0,901,100
2024-05-01,901,1,12,1.33
2024-05-01,901,2,11,1.22
2024-05-01,901,3,24,2.66
2024-05-01,901,4,20,2.22
2024-05-01,901,5,10,1.11
2024-05-01,901,6,12,1.33
2024-05-01,901,7,17,1.89
2024-05-01,901,8,13,1.44
2024-05-01,901,9,13,1.44
2024-05-01,901,10,18,2
2024-05-01,901,11,17,1.89
2024-05-01,901,12,15,1.66
2024-05-01,901,13,9,1
2024-05-01,901,14,18,2
2024-05-01,901,15,14,1.55
2024-05-01,901,16,18,2
2024-05-01,901,17,14,1.55
2024-05-01,901,18,13,1.44
2024-05-01,901,19,12,1.33
2024-05-01,901,20,13,1.44
2024-05-01,901,21,10,1.11
2024-05-01,901,22,15,1.66
2024-05-01,901,23,18,2
2024-05-01,901,24,18,2
2024-05-01,901,25,10,1.11
2024-05-01,901,26,11,1.22
2024-05-01,901,27,16,1.78
2024-05-01,901,28,15,1.66
2024-06-01,885,0,885,100
2024-06-01,885,1,13,1.47
2024-06-01,885,2,11,1.24
2024-06-01,885,3,15,1.69
2024-06-01,885,4,22,2.49
2024-06-01,885,5,15,1.69
2024-06-01,885,6,8,0.9
2024-06-01,885,7,6,0.68
2024-06-01,885,8,8,0.9
2024-06-01,885,9,8,0.9
2024-06-01,885,10,10,1.13
2024-06-01,885,11,13,1.47
2024-06-01,885,12,11,1.24
2024-06-01,885,13,14,1.58
2024-06-01,885,14,25,2.82
2024-06-01,885,15,13,1.47
2024-06-01,885,16,18,2.03
2024-06-01,885,17,19,2.15
2024-06-01,885,18,15,1.69
2024-06-01,885,19,21,2.37
2024-06-01,885,20,13,1.47
2024-06-01,885,21,16,1.81
2024-06-01,885,22,18,2.03
2024-06-01,885,23,19,2.15
2024-06-01,885,24,15,1.69
2024-06-01,885,25,19,2.15
2024-06-01,885,26,17,1.92
2024-06-01,885,27,12,1.36
2024-07-01,947,0,947,100
2024-07-01,947,1,13,1.37
2024-07-01,947,2,13,1.37
2024-07-01,947,3,12,1.27
2024-07-01,947,4,16,1.69
2024-07-01,947,5,14,1.48
2024-07-01,947,6,14,1.48
2024-07-01,947,7,23,2.43
2024-07-01,947,8,12,1.27
2024-07-01,947,9,22,2.32
2024-07-01,947,10,17,1.8
2024-07-01,947,11,16,1.69
2024-07-01,947,12,11,1.16
2024-07-01,947,13,12,1.27
2024-07-01,947,14,15,1.58
2024-07-01,947,15,16,1.69
2024-07-01,947,16,19,2.01
2024-07-01,947,17,20,2.11
2024-07-01,947,18,14,1.48
2024-07-01,947,19,17,1.8
2024-07-01,947,20,14,1.48
2024-07-01,947,21,18,1.9
2024-07-01,947,22,20,2.11
2024-07-01,947,23,20,2.11
2024-07-01,947,24,14,1.48
2024-07-01,947,25,18,1.9
2024-07-01,947,26,15,1.58
2024-08-01,929,0,929,100
2024-08-01,929,1,18,1.94
2024-08-01,929,2,15,1.61
2024-08-01,929,3,13,1.4
2024-08-01,929,4,19,2.05
2024-08-01,929,5,13,1.4
2024-08-01,929,6,11,1.18
2024-08-01,929,7,11,1.18
2024-08-01,929,8,11,1.18
2024-08-01,929,9,14,1.51
2024-08-01,929,10,11,1.18
2024-08-01,929,11,18,1.94
2024-08-01,929,12,17,1.83
2024-08-01,929,13,24,2.58
2024-08-01,929,14,18,1.94
2024-08-01,929,15,15,1.61
2024-08-01,929,16,13,1.4
2024-08-01,929,17,15,1.61
2024-08-01,929,18,12,1.29
2024-08-01,929,19,20,2.15
2024-08-01,929,20,15,1.61
2024-08-01,929,21,11,1.18
2024-08-01,929,22,14,1.51
2024-08-01,929,23,23,2.48
2024-08-01,929,24,18,1.94
2024-08-01,929,25,23,2.48
2024-09-01,936,0,936,100
2024-09-01,936,1,11,1.18
2024-09-01,936,2,15,1.6
2024-09-01,936,3,17,1.82
2024-09-01,936,4,11,1.18
2024-09-01,936,5,8,0.85
2024-09-01,936,6,19,2.03
2024-09-01,936,7,16,1.71
2024-09-01,936,8,19,2.03
2024-09-01,936,9,7,0.75
2024-09-01,936,10,22,2.35
2024-09-01,936,11,14,1.5
2024-09-01,936,12,15,1.6
2024-09-01,936,13,18,1.92
2024-09-01,936,14,11,1.18
2024-09-01,936,15,19,2.03
2024-09-01,936,16,11,1.18
2024-09-01,936,17,17,1.82
2024-09-01,936,18,11,1.18
2024-09-01,936,19,17,1.82
2024-09-01,936,20,16,1.71
2024-09-01,936,21,19,2.03
2024-09-01,936,22,20,2.14
2024-09-01,936,23,10,1.07
2024-09-01,936,24,13,1.39
2024-10-01,973,0,973,100
2024-10-01,973,1,12,1.23
2024-10-01,973,2,16,1.64
2024-10-01,973,3,17,1.75
2024-10-01,973,4,8,0.82
2024-10-01,973,5,13,1.34
2024-10-01,973,6,20,2.06
2024-10-01,973,7,19,1.95
2024-10-01,973,8,12,1.23
2024-10-01,973,9,20,2.06
2024-10-01,973,10,15,1.54
2024-10-01,973,11,15,1.54
2024-10-01,973,12,19,1.95
2024-10-01,973,13,21,2.16
2024-10-01,973,14,19,1.95
2024-10-01,973,15,20,2.06
2024-10-01,973,16,15,1.54
2024-10-01,973,17,21,2.16
2024-10-01,973,18,22,2.26
2024-10-01,973,19,16,1.64
2024-10-01,973,20,14,1.44
2024-10-01,973,21,19,1.95
2024-10-01,973,22,17,1.75
2024-10-01,973,23,12,1.23
2024-11-01,995,0,995,100
2024-11-01,995,1,24,2.41
2024-11-01,995,2,17,1.71
2024-11-01,995,3,19,1.91
2024-11-01,995,4,20,2.01
2024-11-01,995,5,24,2.41
2024-11-01,995,6,19,1.91
2024-11-01,995,7,21,2.11
2024-11-01,995,8,18,1.81
2024-11-01,995,9,22,2.21
2024-11-01,995,10,11,1.11
2024-11-01,995,11,19,1.91
2024-11-01,995,12,20,2.01
2024-11-01,995,13,17,1.71
2024-11-01,995,14,22,2.21
2024-11-01,995,15,15,1.51
2024-11-01,995,16,28,2.81
2024-11-01,995,17,17,1.71
2024-11-01,995,18,17,1.71
2024-11-01,995,19,26,2.61
2024-11-01,995,20,16,1.61
2024-11-01,995,21,24,2.41
2024-11-01,995,22,13,1.31
2024-12-01,1003,0,1003,100
2024-12-01,1003,1,25,2.49
2024-12-01,1003,2,18,1.79
2024-12-01,1003,3,24,2.39
2024-12-01,1003,4,11,1.1
2024-12-01,1003,5,22,2.19
2024-12-01,1003,6,22,2.19
2024-12-01,1003,7,24,2.39
2024-12-01,1003,8,20,1.99
2024-12-01,1003,9,21,2.09
2024-12-01,1003,10,21,2.09
2024-12-01,1003,11,33,3.29
2024-12-01,1003,12,20,1.99
2024-12-01,1003,13,22,2.19
2024-12-01,1003,14,27,2.69
2024-12-01,1003,15,22,2.19
2024-12-01,1003,16,15,1.5
2024-12-01,1003,17,12,1.2
2024-12-01,1003,18,17,1.69
2024-12-01,1003,19,22,2.19
2024-12-01,1003,20,24,2.39
2024-12-01,1003,21,23,2.29
2025-01-01,1043,0,1043,100
2025-01-01,1043,1,21,2.01
2025-01-01,1043,2,19,1.82
2025-01-01,1043,3,22,2.11
2025-01-01,1043,4,24,2.3
2025-01-01,1043,5,18,1.73
2025-01-01,1043,6,25,2.4
2025-01-01,1043,7,21,2.01
2025-01-01,1043,8,16,1.53
2025-01-01,1043,9,22,2.11
2025-01-01,1043,10,33,3.16
2025-01-01,1043,11,28,2.68
2025-01-01,1043,12,14,1.34
2025-01-01,1043,13,16,1.53
2025-01-01,1043,14,28,2.68
2025-01-01,1043,15,16,1.53
2025-01-01,1043,16,27,2.59
2025-01-01,1043,17,20,1.92
2025-01-01,1043,18,21,2.01
2025-01-01,1043,19,29,2.78
2025-01-01,1043,20,14,1.34
2025-02-01,998,0,998,100
2025-02-01,998,1,19,1.9
2025-02-01,998,2,23,2.3
2025-02-01,998,3,24,2.4
2025-02-01,998,4,20,2
2025-02-01,998,5,21,2.1
2025-02-01,998,6,13,1.3
2025-02-01,998,7,19,1.9
2025-02-01,998,8,18,1.8
2025-02-01,998,9,15,1.5
2025-02-01,998,10,32,3.21
2025-02-01,998,11,22,2.2
2025-02-01,998,12,17,1.7
2025-02-01,998,13,20,2
2025-02-01,998,14,25,2.51
2025-02-01,998,15,23,2.3
2025-02-01,998,16,20,2
2025-02-01,998,17,25,2.51
2025-02-01,998,18,12,1.2
2025-02-01,998,19,25,2.51
2025-03-01,1150,0,1150,100
2025-03-01,1150,1,28,2.43
2025-03-01,1150,2,28,2.43
2025-03-01,1150,3,25,2.17
2025-03-01,1150,4,19,1.65
2025-03-01,1150,5,23,2
2025-03-01,1150,6,32,2.78
2025-03-01,1150,7,30,2.61
2025-03-01,1150,8,27,2.35
2025-03-01,1150,9,21,1.83
2025-03-01,1150,10,17,1.48
2025-03-01,1150,11,21,1.83
2025-03-01,1150,12,23,2
2025-03-01,1150,13,30,2.61
2025-03-01,1150,14,20,1.74
2025-03-01,1150,15,21,1.83
2025-03-01,1150,16,22,1.91
2025-03-01,1150,17,26,2.26
2025-03-01,1150,18,17,1.48
2025-04-01,1091,0,1091,100
2025-04-01,1091,1,25,2.29
2025-04-01,1091,2,26,2.38
2025-04-01,1091,3,19,1.74
2025-04-01,1091,4,22,2.02
2025-04-01,1091,5,30,2.75
2025-04-01,1091,6,19,1.74
2025-04-01,1091,7,18,1.65
2025-04-01,1091,8,27,2.47
2025-04-01,1091,9,20,1.83
2025-04-01,1091,10,22,2.02
2025-04-01,1091,11,27,2.47
2025-04-01,1091,12,14,1.28
2025-04-01,1091,13,13,1.19
2025-04-01,1091,14,23,2.11
2025-04-01,1091,15,23,2.11
2025-04-01,1091,16,21,1.92
2025-04-01,1091,17,20,1.83
2025-05-01,1204,0,1204,100
2025-05-01,1204,1,32,2.66
2025-05-01,1204,2,27,2.24
2025-05-01,1204,3,28,2.33
2025-05-01,1204,4,20,1.66
2025-05-01,1204,5,30,2.49
2025-05-01,1204,6,24,1.99
2025-05-01,1204,7,26,2.16
2025-05-01,1204,8,32,2.66
2025-05-01,1204,9,29,2.41
2025-05-01,1204,10,23,1.91
2025-05-01,1204,11,20,1.66
2025-05-01,1204,12,25,2.08
2025-05-01,1204,13,24,1.99
2025-05-01,1204,14,35,2.91
2025-05-01,1204,15,28,2.33
2025-05-01,1204,16,23,1.91
2025-06-01,1129,0,1129,100
2025-06-01,1129,1,22,1.95
2025-06-01,1129,2,34,3.01
2025-06-01,1129,3,26,2.3
2025-06-01,1129,4,42,3.72
2025-06-01,1129,5,21,1.86
2025-06-01,1129,6,25,2.21
2025-06-01,1129,7,27,2.39
2025-06-01,1129,8,38,3.37
2025-06-01,1129,9,22,1.95
2025-06-01,1129,10,24,2.13
2025-06-01,1129,11,24,2.13
2025-06-01,1129,12,27,2.39
2025-06-01,1129,13,28,2.48
2025-06-01,1129,14,37,3.28
2025-06-01,1129,15,23,2.04
2025-07-01,1272,0,1272,100
2025-07-01,1272,1,23,1.81
2025-07-01,1272,2,27,2.12
2025-07-01,1272,3,32,2.52
2025-07-01,1272,4,38,2.99
2025-07-01,1272,5,35,2.75
2025-07-01,1272,6,43,3.38
2025-07-01,1272,7,28,2.2
2025-07-01,1272,8,28,2.2
2025-07-01,1272,9,35,2.75
2025-07-01,1272,10,24,1.89
2025-07-01,1272,11,21,1.65
2025-07-01,1272,12,38,2.99
2025-07-01,1272,13,45,3.54
2025-07-01,1272,14,34,2.67
2025-08-01,1255,0,1255,100
2025-08-01,1255,1,31,2.47
2025-08-01,1255,2,34,2.71
2025-08-01,1255,3,38,3.03
2025-08-01,1255,4,32,2.55
2025-08-01,1255,5,36,2.87
2025-08-01,1255,6,35,2.79
2025-08-01,1255,7,28,2.23
2025-08-01,1255,8,36,2.87
2025-08-01,1255,9,29,2.31
2025-08-01,1255,10,28,2.23
2025-08-01,1255,11,41,3.27
2025-08-01,1255,12,33,2.63
2025-08-01,1255,13,22,1.75
2025-09-01,1282,0,1282,100
2025-09-01,1282,1,38,2.96
2025-09-01,1282,2,33,2.57
2025-09-01,1282,3,34,2.65
2025-09-01,1282,4,28,2.18
2025-09-01,1282,5,26,2.03
2025-09-01,1282,6,32,2.5
2025-09-01,1282,7,29,2.26
2025-09-01,1282,8,34,2.65
2025-09-01,1282,9,33,2.57
2025-09-01,1282,10,37,2.89
2025-09-01,1282,11,39,3.04
2025-09-01,1282,12,22,1.72
2025-10-01,1451,0,1451,100
2025-10-01,1451,1,37,2.55
2025-10-01,1451,2,43,2.96
2025-10-01,1451,3,43,2.96
2025-10-01,1451,4,43,2.96
2025-10-01,1451,5,45,3.1
2025-10-01,1451,6,47,3.24
2025-10-01,1451,7,35,2.41
2025-10-01,1451,8,34,2.34
2025-10-01,1451,9,38,2.62
2025-10-01,1451,10,40,2.76
2025-10-01,1451,11,31,2.14
2025-11-01,1366,0,1366,100
2025-11-01,1366,1,43,3.15
2025-11-01,1366,2,39,2.86
2025-11-01,1366,3,38,2.78
2025-11-01,1366,4,40,2.93
2025-11-01,1366,5,41,3
2025-11-01,1366,6,50,3.66
2025-11-01,1366,7,46,3.37
2025-11-01,1366,8,46,3.37
2025-11-01,1366,9,42,3.07
2025-11-01,1366,10,48,3.51
2025-12-01,1504,0,1504,100
2025-12-01,1504,1,51,3.39
2025-12-01,1504,2,46,3.06
2025-12-01,1504,3,43,2.86
2025-12-01,1504,4,57,3.79
2025-12-01,1504,5,61,4.06
2025-12-01,1504,6,52,3.46
2025-12-01,1504,7,48,3.19
2025-12-01,1504,8,49,3.26
2025-12-01,1504,9,45,2.99
2026-01-01,1553,0,1553,100
2026-01-01,1553,1,51,3.28
2026-01-01,1553,2,54,3.48
2026-01-01,1553,3,48,3.09
2026-01-01,1553,4,53,3.41
2026-01-01,1553,5,53,3.41
2026-01-01,1553,6,53,3.41
2026-01-01,1553,7,68,4.38
2026-01-01,1553,8,52,3.35
2026-02-01,1500,0,1500,100
2026-02-01,1500,1,65,4.33
2026-02-01,1500,2,60,4
2026-02-01,1500,3,60,4
2026-02-01,1500,4,52,3.47
2026-02-01,1500,5,55,3.67
2026-02-01,1500,6,67,4.47
2026-02-01,1500,7,52,3.47
2026-03-01,1621,0,1621,100
2026-03-01,1621,1,75,4.63
2026-03-01,1621,2,75,4.63
2026-03-01,1621,3,54,3.33
2026-03-01,1621,4,66,4.07
2026-03-01,1621,5,67,4.13
2026-03-01,1621,6,63,3.89
2026-04-01,1762,0,1762,100
2026-04-01,1762,1,87,4.94
2026-04-01,1762,2,81,4.6
2026-04-01,1762,3,82,4.65
2026-04-01,1762,4,84,4.77
2026-04-01,1762,5,70,3.97
2026-05-01,1804,0,1804,100
2026-05-01,1804,1,116,6.43
2026-05-01,1804,2,101,5.6
2026-05-01,1804,3,114,6.32
2026-05-01,1804,4,91,5.04
2026-06-01,1929,0,1929,100
2026-06-01,1929,1,125,6.48
2026-06-01,1929,2,137,7.1
2026-06-01,1929,3,136,7.05
2026-07-01,2233,0,2233,100
2026-07-01,2233,1,192,8.6
2026-07-01,2233,2,191,8.55
2026-08-01,2452,0,2452,100
2026-08-01,2452,1,298,12.15
2026-09-01,4524,0,4524,100
