calendar_date,daily_revenue,rolling_7_day_avg
2026-10-02,13100.18,39762.01
2026-10-01,21106.91,42124.96
2026-09-30,28900.04,42511.0
2026-09-29,28533.73,41364.01
2026-09-28,87187.41,39987.6
2026-09-27,58399.03,29505.98
2026-09-26,41106.74,23313.38
2026-09-25,29640.85,19482.4
2026-09-24,23809.2,17405.68
2026-09-23,20871.1,16317.5
2026-09-22,18898.89,15236.53
2026-09-21,13816.06,14811.24
2026-09-20,15050.81,15034.42
2026-09-19,14289.9,15023.78
2026-09-18,15103.79,15102.7
2026-09-17,16191.95,14810.94
2026-09-16,13304.32,14382.57
2026-09-15,15921.83,14189.78
2026-09-14,15378.31,14056.5
2026-09-13,14976.33,13417.71
2026-09-12,14842.4,13045.15
2026-09-11,13061.46,13095.18
2026-09-10,13193.32,13058.65
2026-09-09,11954.83,13024.22
2026-09-08,14988.82,13062.14
2026-09-07,10906.79,12802.95
2026-09-06,12368.45,13130.1
2026-09-05,15192.6,13210.33
2026-09-04,12805.71,12765.32
2026-09-03,12952.36,12756.51
2026-09-02,12220.22,13051.18
2026-09-01,13174.53,13202.68
2026-08-31,13196.83,13396.17
2026-08-30,12930.04,13394.86
2026-08-29,12077.54,13111.26
2026-08-28,12744.04,13094.75
2026-08-27,15015.06,12792.22
2026-08-26,13280.7,12229.27
2026-08-25,14528.99,11927.49
2026-08-24,13187.68,11317.99
2026-08-23,10944.79,10838.07
2026-08-22,11961.96,10901.89
2026-08-21,10626.33,10859.67
2026-08-20,11074.41,10935.51
2026-08-19,11168.28,11256.78
2026-08-18,10262.51,11604.79
2026-08-17,9828.18,11817.7
2026-08-16,11391.57,12032.71
2026-08-15,11666.4,11805.15
2026-08-14,11157.21,11926.65
2026-08-13,13323.32,11811.35
2026-08-12,13604.32,11271.86
2026-08-11,11752.91,11092.09
2026-08-10,11333.26,11013.04
2026-08-09,9798.6,10801.17
2026-08-08,12516.92,11323.75
2026-08-07,10350.1,11353.07
2026-08-06,9546.89,11602.43
2026-08-05,12345.97,12033.37
2026-08-04,11199.55,12198.57
2026-08-03,9850.14,12378.65
2026-08-02,13456.69,12485.21
2026-08-01,12722.17,11976.42
2026-07-31,12095.58,11706.43
2026-07-30,12563.5,11224.11
2026-07-29,13502.33,10720.68
2026-07-28,12460.11,10259.37
2026-07-27,10596.07,10341.89
2026-07-26,9895.19,10489.72
2026-07-25,10832.23,10413.32
2026-07-24,8719.31,10110.49
2026-07-23,9039.55,10310.24
2026-07-22,10273.11,10747.83
2026-07-21,13037.75,10866.53
2026-07-20,11630.93,10574.95
2026-07-19,9360.39,10213.71
2026-07-18,8712.41,10348.25
2026-07-17,10117.54,10840.72
2026-07-16,12102.7,10860.02
2026-07-15,11104.02,10489.6
2026-07-14,10996.63,10363.92
2026-07-13,9102.25,9990.4
2026-07-12,10302.19,9899.18
2026-07-11,12159.72,9717.4
2026-07-10,10252.61,9216.44
2026-07-09,9509.8,9588.56
2026-07-08,10224.21,9584.58
2026-07-07,8382.05,9511.98
2026-07-06,8463.65,9977.07
2026-07-05,9029.74,10135.56
2026-07-04,8652.99,10002.42
2026-07-03,12857.47,9909.8
2026-07-02,9481.97,9661.35
2026-07-01,9715.96,9658.4
2026-06-30,11637.71,10012.33
2026-06-29,9573.06,9919.97
2026-06-28,8097.77,9666.5
2026-06-27,8004.66,9660.36
2026-06-26,11118.35,9731.24
2026-06-25,9461.29,9578.09
2026-06-24,12193.45,9606.77
2026-06-23,10991.19,9559.74
2026-06-22,7798.78,9049.01
2026-06-21,8054.83,9386.29
2026-06-20,8500.8,9559.5
2026-06-19,10046.28,9649.29
2026-06-18,9662.07,9432.12
2026-06-17,11864.24,9229.72
2026-06-16,7416.07,9022.95
2026-06-15,10159.73,9112.06
2026-06-14,9267.32,9074.36
2026-06-13,9129.31,8939.32
2026-06-12,8526.09,9034.25
2026-06-11,8245.29,8879.09
2026-06-10,10416.87,8836.63
2026-06-09,8039.79,8648.6
2026-06-08,9895.82,8828.35
2026-06-07,8322.08,8584.75
2026-06-06,9793.81,8383.18
2026-06-05,7439.95,8230.43
2026-06-04,7948.06,8541.78
2026-06-03,9100.71,8589.95
2026-06-02,9297.99,8391.95
2026-06-01,8190.68,8070.11
2026-05-31,6911.07,7881.36
2026-05-30,8724.55,8221.06
2026-05-29,9619.41,8204.77
2026-05-28,8285.27,7770.1
2026-05-27,7714.68,7913.0
2026-05-26,7045.12,8226.53
2026-05-25,6869.42,8124.4
2026-05-24,9289.0,8418.62
2026-05-23,8610.47,8265.08
2026-05-22,6576.73,8296.99
2026-05-21,9285.6,8226.19
2026-05-20,9909.37,7940.07
2026-05-19,6330.24,7646.99
2026-05-18,8928.91,7917.8
2026-05-17,8214.27,7684.13
2026-05-16,8833.79,7772.38
2026-05-15,6081.15,7619.53
2026-05-14,7282.77,7982.5
2026-05-13,7857.81,7876.91
2026-05-12,8225.88,7829.46
2026-05-11,7293.24,7766.55
2026-05-10,8832.03,7827.79
2026-05-09,7763.85,7772.94
2026-05-08,8621.93,7829.17
2026-05-07,6543.64,7417.11
2026-05-06,7525.64,7798.71
2026-05-05,7785.49,7918.24
2026-05-04,7721.96,8093.25
2026-05-03,8448.08,8484.29
2026-05-02,8157.47,8302.09
2026-05-01,5737.48,8433.0
2026-04-30,9214.87,8851.67
2026-04-29,8362.36,8680.49
2026-04-28,9010.53,8666.34
2026-04-27,10459.27,8349.35
2026-04-26,7172.67,7907.03
2026-04-25,9073.82,8155.1
2026-04-24,8668.19,8005.59
2026-04-23,8016.61,7949.81
2026-04-22,8263.26,7760.78
2026-04-21,6791.62,7818.97
2026-04-20,7363.02,7848.03
2026-04-19,8909.18,7835.12
2026-04-18,8027.25,7626.17
2026-04-17,8277.73,7500.13
2026-04-16,6693.39,7503.92
2026-04-15,8670.62,7799.33
2026-04-14,6995.04,7628.88
2026-04-13,7272.6,7734.22
2026-04-12,7446.55,8265.61
2026-04-11,7144.96,8179.46
2026-04-10,8304.29,8236.45
2026-04-09,8761.23,7979.34
2026-04-08,7477.49,7965.62
2026-04-07,7732.44,8017.26
2026-04-06,10992.32,7948.64
2026-04-05,6843.49,7507.53
2026-04-04,7543.86,7265.79
2026-04-03,6504.58,7285.1
2026-04-02,8665.14,7402.39
2026-04-01,7839.01,7151.78
2026-03-31,7252.1,6887.69
2026-03-30,7904.55,7058.21
2026-03-29,5151.28,6968.21
2026-03-28,7679.03,7339.84
2026-03-27,7325.62,7012.6
2026-03-26,6910.88,6972.33
2026-03-25,5990.36,6914.37
2026-03-24,8445.76,7070.54
2026-03-23,7274.53,6731.76
2026-03-22,7752.73,6722.08
2026-03-21,5388.29,6607.17
2026-03-20,7043.78,6788.95
2026-03-19,6505.12,6820.67
2026-03-18,7083.57,7363.61
2026-03-17,6074.3,7455.83
2026-03-16,7206.76,7463.93
2026-03-15,6948.34,7650.97
2026-03-14,6660.77,7839.37
2026-03-13,7265.81,7905.31
2026-03-12,10305.74,8201.68
2026-03-11,7729.11,7668.84
2026-03-10,6131.01,7688.18
2026-03-09,8515.99,7573.12
2026-03-08,8267.19,7689.14
2026-03-07,7122.33,7490.42
2026-03-06,9340.42,7635.38
2026-03-05,6575.85,7301.89
2026-03-04,7864.5,7826.36
2026-03-03,5325.59,7812.36
2026-03-02,9328.1,8138.21
2026-03-01,6876.16,7746.49
2026-02-28,8137.01,7890.43
2026-02-27,7005.99,7894.21
2026-02-26,10247.15,7909.38
2026-02-25,7766.49,7373.35
2026-02-24,7606.58,7040.53
2026-02-23,6586.03,6885.18
2026-02-22,7883.74,6948.57
2026-02-21,8163.47,7189.05
2026-02-20,7112.23,6861.73
2026-02-19,6494.9,6702.05
2026-02-18,5436.74,6844.63
2026-02-17,6519.18,7037.11
2026-02-16,7029.7,6965.93
2026-02-15,9567.13,7125.04
2026-02-14,5872.23,6550.92
2026-02-13,5994.47,6956.66
2026-02-12,7492.98,7221.88
2026-02-11,6784.07,7083.49
2026-02-10,6020.96,7439.21
2026-02-09,8143.47,7613.9
2026-02-08,5548.28,7311.72
2026-02-07,8712.42,7748.53
2026-02-06,7850.98,7362.7
2026-02-05,6524.23,7168.89
2026-02-04,9274.16,7179.97
2026-02-03,7243.75,6946.19
2026-02-02,6028.25,6894.4
2026-02-01,8605.92,7110.26
2026-01-31,6011.63,6975.91
2026-01-30,6494.32,6854.83
2026-01-29,6601.73,6695.07
2026-01-28,7637.71,6724.81
2026-01-27,6881.27,6499.65
2026-01-26,7539.21,6513.82
2026-01-25,7665.51,6585.89
2026-01-24,5164.06,6567.36
2026-01-23,5376.01,6951.36
2026-01-22,6809.88,7134.46
2026-01-21,6061.62,7037.16
2026-01-20,6980.45,7089.03
2026-01-19,8043.68,6839.93
2026-01-18,7535.84,6470.19
2026-01-17,7852.06,6144.71
2026-01-16,6657.7,6007.81
2026-01-15,6128.76,6025.91
2026-01-14,6424.69,6084.07
2026-01-13,5236.76,6282.44
2026-01-12,5455.49,6335.15
2026-01-11,5257.52,6512.85
2026-01-10,6893.73,6777.78
2026-01-09,6784.4,6463.92
2026-01-08,6535.87,6416.56
2026-01-07,7813.29,6187.57
2026-01-06,5605.77,5838.0
2026-01-05,6699.4,5737.99
2026-01-04,7111.97,5337.39
2026-01-03,4696.74,5323.04
2026-01-02,6452.86,5403.44
2026-01-01,4932.99,5491.84
2025-12-31,5366.3,5937.09
2025-12-30,4905.66,6257.0
2025-12-29,3895.21,6470.21
2025-12-28,7011.51,6798.28
2025-12-27,5259.58,6550.86
2025-12-26,7071.65,6920.79
2025-12-25,8049.69,6803.03
2025-12-24,7605.69,6309.84
2025-12-23,6398.14,6214.93
2025-12-22,6191.69,6283.9
2025-12-21,5279.57,6149.01
2025-12-20,7849.11,6287.99
2025-12-19,6247.32,5895.96
2025-12-18,4597.38,6055.54
2025-12-17,6941.29,6421.72
2025-12-16,6880.97,6388.43
2025-12-15,5247.46,6684.57
2025-12-14,6252.43,6753.59
2025-12-13,5104.88,6820.54
2025-12-12,7364.4,7127.52
2025-12-11,7160.64,6983.62
2025-12-10,6708.24,6771.67
2025-12-09,8953.95,6739.95
2025-12-08,5730.59,6458.16
2025-12-07,6721.05,6603.71
2025-12-06,7253.79,6648.35
2025-12-05,6357.06,6459.97
2025-12-04,5677.02,6539.48
2025-12-03,6486.16,6466.5
2025-12-02,6981.46,6077.68
2025-12-01,6749.43,5873.36
2025-11-30,7033.52,5697.2
2025-11-29,5935.16,5528.62
2025-11-28,6913.6,5562.2
2025-11-27,5166.19,5402.72
2025-11-26,3764.43,5584.91
2025-11-25,5551.21,5884.93
2025-11-24,5516.28,5772.43
2025-11-23,5853.45,5831.5
2025-11-22,6170.26,5962.9
2025-11-21,5797.21,6109.89
2025-11-20,6441.5,6028.97
2025-11-19,5864.63,5779.77
2025-11-18,4763.66,5874.4
2025-11-17,5929.8,6295.54
2025-11-16,6773.25,6148.66
2025-11-15,7199.15,5953.46
2025-11-14,5230.79,5705.46
2025-11-13,4697.08,5829.63
2025-11-12,6527.1,5937.39
2025-11-11,7711.59,5893.38
2025-11-10,4901.65,5693.28
2025-11-09,5406.83,6059.15
2025-11-08,5463.18,6199.86
2025-11-07,6100.01,6321.69
2025-11-06,5451.39,6346.36
2025-11-05,6219.04,6463.67
2025-11-04,6310.85,6580.7
2025-11-03,7462.72,6608.95
2025-11-02,6391.85,6516.42
2025-11-01,6315.97,6371.06
2025-10-31,6272.71,6225.24
2025-10-30,6272.52,6078.04
2025-10-29,7038.31,6072.98
2025-10-28,6508.6,6200.61
2025-10-27,6815.0,6089.69
2025-10-26,5374.34,5986.69
2025-10-25,5295.22,6290.56
2025-10-24,5242.32,6338.72
2025-10-23,6237.08,6617.76
2025-10-22,7931.71,6533.79
2025-10-21,5732.19,6235.88
2025-10-20,6094.0,6297.81
2025-10-19,7501.43,6382.23
2025-10-18,5632.34,6091.53
2025-10-17,7195.55,6228.17
2025-10-16,5649.32,6080.01
2025-10-15,5846.36,6134.17
2025-10-14,6165.68,6196.23
2025-10-13,6684.93,6062.94
2025-10-12,5466.53,6163.73
2025-10-11,6588.8,6168.83
2025-10-10,6158.48,6056.46
2025-10-09,6028.44,5752.81
2025-10-08,6280.72,5882.61
2025-10-07,5232.67,5862.83
2025-10-06,7390.49,5961.75
2025-10-05,5502.18,5636.62
2025-10-04,5802.25,5834.37
2025-10-03,4032.95,5815.97
2025-10-02,6937.02,6151.4
2025-10-01,6142.26,6027.29
2025-09-30,5925.09,6119.89
2025-09-29,5114.61,6100.23
2025-09-28,6886.43,6291.63
2025-09-27,5673.4,6295.5
2025-09-26,6380.97,6159.68
2025-09-25,6068.28,6067.36
2025-09-24,6790.44,5896.71
2025-09-23,5787.49,5603.78
2025-09-22,6454.42,5483.31
2025-09-21,6913.53,5217.07
2025-09-20,4722.62,5206.1
2025-09-19,5734.73,5274.81
2025-09-18,4873.75,5300.55
2025-09-17,4739.94,5341.77
2025-09-16,4944.18,5564.6
2025-09-15,4590.74,5728.02
2025-09-14,6836.77,5770.09
2025-09-13,5203.58,5504.77
2025-09-12,5914.92,5448.57
2025-09-11,5162.25,5500.81
2025-09-10,6299.75,5718.98
2025-09-09,6088.16,5840.99
2025-09-08,4885.2,5649.03
2025-09-07,4979.54,5961.69
2025-09-06,4810.2,5935.31
2025-09-05,6280.58,6066.19
2025-09-04,6689.43,5821.91
2025-09-03,7153.84,5734.26
2025-09-02,4744.4,5404.4
2025-09-01,7073.84,5418.63
2025-08-31,4794.85,5036.12
2025-08-30,5726.42,5229.57
2025-08-29,4570.6,4995.97
2025-08-28,6075.9,5315.86
2025-08-27,4844.8,5026.39
2025-08-26,4844.0,5173.84
2025-08-25,4396.26,5510.3
2025-08-24,6149.01,5747.16
2025-08-23,4091.21,5731.77
2025-08-22,6809.87,5639.87
2025-08-21,4049.59,5410.1
2025-08-20,5876.93,5429.43
2025-08-19,7199.21,5450.36
2025-08-18,6054.27,5058.73
2025-08-17,6041.3,5032.01
2025-08-16,3447.92,4812.16
2025-08-15,5201.47,5100.64
2025-08-14,4184.91,5158.39
2025-08-13,6023.43,5268.36
2025-08-12,4457.82,4917.32
2025-08-11,5867.24,4917.59
2025-08-10,4502.31,4772.24
2025-08-09,5467.33,5066.51
2025-08-08,5605.69,5127.16
2025-08-07,4954.72,5171.48
2025-08-06,3566.16,5149.89
2025-08-05,4459.71,5488.09
2025-08-04,4849.76,5646.32
2025-08-03,6562.18,5737.83
2025-08-02,5891.87,5530.29
2025-08-01,5915.94,5556.41
2025-07-31,4803.64,5378.69
2025-07-30,5933.53,5391.81
2025-07-29,5567.33,5487.96
2025-07-28,5490.34,5398.85
2025-07-27,5109.37,5216.53
2025-07-26,6074.71,5153.29
2025-07-25,4671.89,5010.9
2025-07-24,4895.47,5040.15
2025-07-23,6606.6,5057.57
2025-07-22,4943.58,4861.72
2025-07-21,4214.06,4843.96
2025-07-20,4666.72,4924.87
2025-07-19,5077.96,4964.1
2025-07-18,4876.67,4918.35
2025-07-17,5017.39,4958.06
2025-07-16,5235.63,4980.66
2025-07-15,4819.32,4993.29
2025-07-14,4780.38,5006.59
2025-07-13,4941.38,4987.13
2025-07-12,4757.69,5044.05
2025-07-11,5154.64,5206.43
2025-07-10,5175.55,5198.99
2025-07-09,5324.09,5463.42
2025-07-08,4912.39,5509.32
2025-07-07,4644.19,5833.53
2025-07-06,5339.78,5874.18
2025-07-05,5894.38,5602.52
2025-07-04,5102.56,5368.19
2025-07-03,7026.52,5528.63
2025-07-02,5645.44,5245.56
2025-07-01,7181.84,5020.99
2025-06-30,4928.76,4711.06
2025-06-29,3438.11,4710.34
2025-06-28,4254.1,4673.47
2025-06-27,6225.63,4916.11
2025-06-26,5045.02,4529.81
2025-06-25,4073.48,4457.79
2025-06-24,5012.34,4690.13
2025-06-23,4923.68,4740.89
2025-06-22,3180.06,4586.6
2025-06-21,5952.55,4686.06
2025-06-20,3521.52,4660.26
2025-06-19,4540.89,4660.31
2025-06-18,5699.88,4703.65
2025-06-17,5367.66,4757.22
2025-06-16,3843.67,4596.31
2025-06-15,3876.24,4830.38
2025-06-14,5771.93,5206.3
2025-06-13,3521.87,5228.4
2025-06-12,4844.31,5251.96
2025-06-11,6074.88,5223.88
2025-06-10,4241.28,5116.23
2025-06-09,5482.15,5273.05
2025-06-08,6507.7,5127.89
2025-06-07,5926.61,4986.83
2025-06-06,3686.78,4774.21
2025-06-05,4647.73,5011.26
2025-06-04,5321.33,5081.68
2025-06-03,5339.07,4945.5
2025-06-02,4466.0,4965.59
2025-06-01,5520.27,4977.69
2025-05-31,4438.32,4815.17
2025-05-30,5346.08,4764.57
2025-05-29,5140.67,4736.45
2025-05-28,4368.06,4717.66
2025-05-27,5479.75,4750.01
2025-05-26,4550.66,4538.14
2025-05-25,4382.62,4627.32
2025-05-24,4084.12,4891.61
2025-05-23,5149.27,5258.3
2025-05-22,5009.16,5160.5
2025-05-21,4594.5,5144.13
2025-05-20,3996.64,5120.75
2025-05-19,5174.92,5265.46
2025-05-18,6232.67,5425.35
2025-05-17,6650.92,5140.58
2025-05-16,4464.66,4803.44
2025-05-15,4894.58,4777.86
2025-05-14,4430.89,4774.76
2025-05-13,5009.61,4860.1
2025-05-12,6294.11,4717.4
2025-05-11,4239.28,4688.32
2025-05-10,4290.94,4612.97
2025-05-09,4285.58,4831.97
2025-05-08,4872.92,5137.01
2025-05-07,5028.26,5175.15
2025-05-06,4010.68,5155.75
2025-05-05,6090.55,5166.61
2025-05-04,3711.83,4983.99
2025-05-03,5823.96,5273.09
2025-05-02,6420.86,5340.24
2025-05-01,5139.94,4935.43
2025-04-30,4892.45,4856.61
2025-04-29,4086.71,4717.06
2025-04-28,4812.2,4652.18
2025-04-27,5735.54,4424.03
2025-04-26,6293.95,4257.79
2025-04-25,3587.23,4166.77
2025-04-24,4588.17,4018.3
2025-04-23,3915.6,3876.19
2025-04-22,3632.57,3968.28
2025-04-21,3215.17,3942.12
2025-04-20,4571.81,3867.76
2025-04-19,5656.84,4000.36
2025-04-18,2547.97,3683.73
2025-04-17,3593.39,3913.48
2025-04-16,4560.22,4057.59
2025-04-15,3449.42,3966.4
2025-04-14,2694.7,4350.8
2025-04-13,5499.98,4457.58
2025-04-12,3440.44,4353.44
2025-04-11,4156.22,4649.61
2025-04-10,4602.13,4789.6
2025-04-09,3921.89,4694.02
2025-04-08,6140.26,4583.41
2025-04-07,3442.13,4416.53
2025-04-06,4770.99,4675.81
2025-04-05,5513.68,4771.15
2025-04-04,5136.1,4783.32
2025-04-03,3933.12,4855.52
2025-04-02,3147.58,4854.92
2025-04-01,4972.1,4829.88
2025-03-31,5257.11,4758.32
2025-03-30,5438.38,4551.79
2025-03-29,5598.82,4364.54
2025-03-28,5641.55,4002.84
2025-03-27,3928.91,3786.62
2025-03-26,2972.29,3665.94
2025-03-25,4471.15,3788.96
2025-03-24,3811.43,3911.37
2025-03-23,4127.62,4007.55
2025-03-22,3066.91,4250.04
2025-03-21,4128.0,4383.26
2025-03-20,3084.21,4464.68
2025-03-19,3833.4,4554.92
2025-03-18,5328.05,4582.42
2025-03-17,4484.65,4445.44
2025-03-16,5825.07,4601.95
2025-03-15,3999.43,4294.21
2025-03-14,4697.96,4356.93
2025-03-13,3715.87,4266.1
2025-03-12,4025.89,4557.68
2025-03-11,4369.22,4596.41
2025-03-10,5580.2,4670.04
2025-03-09,3670.93,4677.65
2025-03-08,4438.43,4775.02
2025-03-07,4062.17,4808.77
2025-03-06,5756.94,4863.08
2025-03-05,4296.98,4928.83
2025-03-04,4884.62,4817.87
2025-03-03,5633.45,4817.28
2025-03-02,4352.52,4654.09
2025-03-01,4674.71,4577.3
2025-02-28,4442.37,4621.72
2025-02-27,6217.17,4432.21
2025-02-26,3520.28,3983.19
2025-02-25,4880.48,3985.38
2025-02-24,4491.09,3973.94
2025-02-23,3815.01,4110.19
2025-02-22,4985.63,4141.26
2025-02-21,3115.8,3966.94
2025-02-20,3074.05,4595.15
2025-02-19,3535.61,4977.13
2025-02-18,4800.38,5018.56
2025-02-17,5444.88,4879.89
2025-02-16,4032.45,4801.19
2025-02-15,3765.44,4802.85
2025-02-14,7513.27,4844.18
2025-02-13,5747.87,4295.31
2025-02-12,3825.63,4013.13
2025-02-11,3829.7,4118.88
2025-02-10,4893.98,4201.89
2025-02-09,4044.03,4392.48
2025-02-08,4054.81,4405.03
2025-02-07,3671.15,4522.18
2025-02-06,3772.62,4622.82
2025-02-05,4565.87,4595.96
2025-02-04,4410.74,4520.78
2025-02-03,6228.12,4481.96
2025-02-02,4131.91,4303.87
2025-02-01,4874.85,4088.05
2025-01-31,4375.66,4122.61
2025-01-30,3584.54,3904.03
2025-01-29,4039.67,3917.05
2025-01-28,4138.96,4105.13
2025-01-27,4981.53,3904.85
2025-01-26,2621.11,3717.41
2025-01-25,5116.81,3932.5
2025-01-24,2845.58,4035.87
2025-01-23,3675.71,4089.3
2025-01-22,5356.24,4067.08
2025-01-21,2736.99,3732.98
2025-01-20,3669.46,3939.71
2025-01-19,4126.69,3957.95
2025-01-18,5840.43,3930.53
2025-01-17,3219.56,3793.59
2025-01-16,3520.18,4061.98
2025-01-15,3017.57,4168.17
2025-01-14,4184.05,4293.85
2025-01-13,3797.17,4159.13
2025-01-12,3934.78,4409.13
2025-01-11,4881.81,4278.77
2025-01-10,5098.31,4298.21
2025-01-09,4263.53,4098.56
2025-01-08,3897.29,4067.68
2025-01-07,3241.01,4139.57
2025-01-06,5547.2,4264.79
2025-01-05,3022.23,3989.88
2025-01-04,5017.91,4084.53
2025-01-03,3700.72,3901.5
2025-01-02,4047.37,3900.04
2025-01-01,4400.54,3648.84
2024-12-31,4117.58,3574.04
2024-12-30,3622.84,3754.96
2024-12-29,3684.73,3832.1
2024-12-28,3736.73,3864.77
2024-12-27,3690.49,3964.57
2024-12-26,2289.0,4060.15
2024-12-25,3876.93,4279.84
2024-12-24,5383.99,4279.56
2024-12-23,4162.82,4070.22
2024-12-22,3913.44,4153.12
2024-12-21,4435.3,4394.03
2024-12-20,4359.6,4277.59
2024-12-19,3826.8,4103.82
2024-12-18,3874.97,4157.72
2024-12-17,3918.59,4119.22
2024-12-16,4743.14,4040.62
2024-12-15,5599.79,4224.13
2024-12-14,3620.21,3904.76
2024-12-13,3143.27,3862.33
2024-12-12,4204.05,3830.72
2024-12-11,3605.47,3636.31
2024-12-10,3368.38,3722.31
2024-12-09,6027.77,3864.78
2024-12-08,3364.19,3398.03
2024-12-07,3323.17,3320.66
2024-12-06,2922.01,3177.75
2024-12-05,2843.17,3538.59
2024-12-04,4207.45,3785.7
2024-12-03,4365.71,3740.98
2024-12-02,2760.49,3922.83
2024-12-01,2822.61,3932.38
2024-11-30,2322.81,3899.18
2024-11-29,5447.87,4139.56
2024-11-28,4572.96,3816.8
2024-11-27,3894.44,3742.22
2024-11-26,5638.62,3694.33
2024-11-25,2827.38,3504.44
2024-11-24,2590.15,3568.69
2024-11-23,4005.51,3712.39
2024-11-22,3188.54,3625.09
2024-11-21,4050.89,3683.32
2024-11-20,3559.19,3598.85
2024-11-19,4309.44,3757.93
2024-11-18,3277.1,3700.61
2024-11-17,3596.03,3552.79
2024-11-16,3394.42,3487.53
2024-11-15,3596.19,3535.0
2024-11-14,3459.59,3620.13
2024-11-13,4672.73,3662.16
2024-11-12,3908.23,3509.69
2024-11-11,2242.32,3519.05
2024-11-10,3139.22,3735.28
2024-11-09,3726.69,3954.23
2024-11-08,4192.13,3914.59
2024-11-07,3753.78,3895.16
2024-11-06,3605.49,3879.87
2024-11-05,3973.69,4029.29
2024-11-04,3755.99,3944.86
2024-11-03,4671.86,3953.91
2024-11-02,3449.21,3905.9
2024-11-01,4056.12,4007.13
2024-10-31,3646.74,4059.09
2024-10-30,4651.4,4350.71
2024-10-29,3382.7,4225.85
2024-10-28,3819.37,4179.24
2024-10-27,4335.77,4247.42
2024-10-26,4157.83,4193.53
2024-10-25,4419.8,4025.03
2024-10-24,5688.07,4082.94
2024-10-23,3777.44,3855.32
2024-10-22,3056.4,4080.28
2024-10-21,4296.64,4049.05
2024-10-20,3958.52,4057.05
2024-10-19,2978.36,4258.62
2024-10-18,4825.16,4290.98
2024-10-17,4094.75,4024.6
2024-10-16,5352.15,3977.98
2024-10-15,2837.78,3848.43
2024-10-14,4352.64,4139.78
2024-10-13,5369.52,4116.32
2024-10-12,3204.88,3714.95
2024-10-11,2960.5,3933.38
2024-10-10,3768.4,3869.95
2024-10-09,4445.26,3886.88
2024-10-08,4877.29,3896.95
2024-10-07,4188.41,3648.14
2024-10-06,2559.94,3394.56
2024-10-05,4733.88,3595.6
2024-10-04,2516.5,3478.35
2024-10-03,3886.9,3679.03
2024-10-02,4515.72,3752.53
2024-10-01,3135.66,3683.91
2024-09-30,2413.32,3738.03
2024-09-29,3967.23,4007.88
2024-09-28,3913.09,3975.88
2024-09-27,3921.27,3822.8
2024-09-26,4401.4,3647.57
2024-09-25,4035.4,3578.68
2024-09-24,3514.53,3770.47
2024-09-23,4302.22,3914.65
2024-09-22,3743.22,4004.68
2024-09-21,2841.56,4076.24
2024-09-20,2694.69,4200.66
2024-09-19,3919.12,4288.04
2024-09-18,5377.96,4180.62
2024-09-17,4523.75,3864.35
2024-09-16,4932.48,3837.61
2024-09-15,4244.1,3751.9
2024-09-14,3712.52,3669.99
2024-09-13,3306.37,3957.8
2024-09-12,3167.15,3941.68
2024-09-11,3164.09,3939.94
2024-09-10,4336.54,3861.28
2024-09-09,4332.56,3646.69
2024-09-08,3670.68,3436.89
2024-09-07,5727.2,3348.96
2024-09-06,3193.52,2915.44
2024-09-05,3155.0,2967.37
2024-09-04,2613.49,3013.15
2024-09-03,2834.41,3350.54
2024-09-02,2863.95,3525.84
2024-09-01,3055.14,3756.03
2024-08-31,2692.55,3950.27
2024-08-30,3557.04,4020.8
2024-08-29,3475.44,3940.32
2024-08-28,4975.26,4070.6
2024-08-27,4061.49,3935.75
2024-08-26,4475.32,3967.81
2024-08-25,4414.79,3894.64
2024-08-24,3186.27,3978.55
2024-08-23,2993.66,4073.46
2024-08-22,4387.43,4114.27
2024-08-21,4031.3,4098.57
2024-08-20,4285.93,4173.53
2024-08-19,3963.09,3977.84
2024-08-18,5002.17,3879.29
2024-08-17,3850.62,3780.12
2024-08-16,3279.37,3609.24
2024-08-15,4277.51,3539.22
2024-08-14,4556.02,3370.48
2024-08-13,2916.12,3225.69
2024-08-12,3273.21,3233.7
2024-08-11,4307.97,3137.54
2024-08-10,2654.45,2913.54
2024-08-09,2789.23,2983.49
2024-08-08,3096.36,3019.81
2024-08-07,3542.51,3019.54
2024-08-06,2972.2,2936.17
2024-08-05,2600.06,2857.43
2024-08-04,2740.0,2816.02
2024-08-03,3144.05,2766.95
2024-08-02,3043.47,2868.53
2024-08-01,3094.47,2821.48
2024-07-31,2958.93,2908.26
2024-07-30,2421.04,2832.48
2024-07-29,2310.15,2931.73
2024-07-28,2396.53,2995.59
2024-07-27,3855.13,3274.74
2024-07-26,2714.09,3285.67
2024-07-25,3701.97,3485.3
2024-07-24,2428.48,3396.25
2024-07-23,3115.79,3677.54
2024-07-22,2757.12,3647.39
2024-07-21,4350.6,3636.07
2024-07-20,3931.66,3284.94
2024-07-19,4111.48,3123.38
2024-07-18,3078.64,3117.49
2024-07-17,4397.46,3289.71
2024-07-16,2904.77,3283.82
2024-07-15,2677.89,3362.74
2024-07-14,1892.66,3430.47
2024-07-13,2800.73,3741.67
2024-07-12,4070.28,3889.84
2024-07-11,4284.2,3925.85
2024-07-10,4356.23,3877.45
2024-07-09,3457.16,3981.83
2024-07-08,3152.0,3952.39
2024-07-07,4071.11,4321.22
2024-07-06,3837.92,4230.52
2024-07-05,4322.32,4481.95
2024-07-04,3945.41,4307.12
2024-07-03,5086.9,4101.58
2024-07-02,3251.04,3818.29
2024-07-01,5733.85,3650.21
2024-06-30,3436.18,3410.15
2024-06-29,5597.98,3463.67
2024-06-28,3098.51,3355.96
2024-06-27,2506.58,3482.61
2024-06-26,3103.92,3703.58
2024-06-25,2074.46,3869.39
2024-06-24,4053.41,4045.61
2024-06-23,3810.8,3815.66
2024-06-22,4844.07,3955.12
2024-06-21,3985.06,3714.03
2024-06-20,4053.36,3536.57
2024-06-19,4264.59,3476.35
2024-06-18,3307.95,3236.6
2024-06-17,2443.79,3158.04
2024-06-16,4786.99,3250.93
2024-06-15,3156.45,3130.82
2024-06-14,2742.85,3096.22
2024-06-13,3631.83,3131.22
2024-06-12,2586.32,2938.05
2024-06-11,2758.06,2926.8
2024-06-10,3094.01,2978.52
2024-06-09,3946.19,2981.5
2024-06-08,2914.31,3036.28
2024-06-07,2987.85,3087.5
2024-06-06,2279.62,2978.75
2024-06-05,2507.53,2923.6
2024-06-04,3120.13,2957.98
2024-06-03,3114.84,2812.91
2024-06-02,4329.68,2817.83
2024-06-01,3272.83,2587.9
2024-05-31,2226.59,2562.38
2024-05-30,1893.59,2669.96
2024-05-29,2748.22,2840.61
2024-05-28,2104.63,2811.81
2024-05-27,3149.3,2836.36
2024-05-26,2720.16,2856.23
2024-05-25,3094.19,3020.3
2024-05-24,2979.6,3261.11
2024-05-23,3088.14,3146.65
2024-05-22,2546.68,3206.5
2024-05-21,2276.42,3336.97
2024-05-20,3288.43,3364.69
2024-05-19,3868.67,3268.35
2024-05-18,4779.82,3005.84
2024-05-17,2178.38,2780.97
2024-05-16,3507.08,2905.5
2024-05-15,3460.02,2726.75
2024-05-14,2470.45,2655.05
2024-05-13,2614.03,2842.7
2024-05-12,2031.08,3102.4
2024-05-11,3205.75,3414.71
2024-05-10,3050.11,3362.06
2024-05-09,2255.78,3463.73
2024-05-08,2958.18,3797.45
2024-05-07,3783.98,3978.53
2024-05-06,4431.92,4056.82
2024-05-05,4217.22,4001.6
2024-05-04,2837.25,3941.84
2024-05-03,3761.81,3934.62
2024-05-02,4591.77,3932.72
2024-05-01,4225.78,3781.68
2024-04-30,4331.99,3637.09
2024-04-29,4045.35,3472.8
2024-04-28,3798.95,3377.6
2024-04-27,2786.67,3322.01
2024-04-26,3748.5,3390.87
2024-04-25,3534.51,3312.95
2024-04-24,3213.67,3419.23
2024-04-23,3181.95,3469.48
2024-04-22,3378.94,3425.27
2024-04-21,3409.83,3345.61
2024-04-20,3268.71,3290.99
2024-04-19,3203.04,3182.14
2024-04-18,4278.5,3186.36
2024-04-17,3565.42,3151.22
2024-04-16,2872.47,3083.57
2024-04-15,2821.3,3009.82
2024-04-14,3027.52,3136.04
2024-04-13,2506.75,3259.61
2024-04-12,3232.57,3220.6
2024-04-11,4032.51,3440.52
2024-04-10,3091.87,3442.29
2024-04-09,2356.2,3450.78
2024-04-08,3704.83,3608.46
2024-04-07,3892.52,3445.64
2024-04-06,2233.68,3305.19
2024-04-05,4772.0,3393.77
2024-04-04,4044.93,3206.33
2024-04-03,3151.27,3208.31
2024-04-02,3459.97,3176.37
2024-04-01,2565.1,3138.21
2024-03-31,2909.37,3319.18
2024-03-30,2853.73,3495.49
2024-03-29,3459.95,3540.63
2024-03-28,4058.77,3423.23
2024-03-27,2927.69,3269.31
2024-03-26,3192.86,3149.48
2024-03-25,3831.86,3095.08
2024-03-24,4143.56,2804.27
2024-03-23,3169.74,2582.36
2024-03-22,2638.14,2494.55
2024-03-21,2981.29,2498.04
2024-03-20,2088.94,2597.08
2024-03-19,2812.06,2723.53
2024-03-18,1796.14,2810.51
2024-03-17,2590.22,3067.36
2024-03-16,2555.08,3111.41
2024-03-15,2662.57,3214.44
2024-03-14,3674.58,3309.64
2024-03-13,2974.09,3353.96
2024-03-12,3420.89,3552.84
2024-03-11,3594.06,3507.03
2024-03-10,2898.62,3363.11
2024-03-09,3276.25,3297.39
2024-03-08,3329.01,3209.97
2024-03-07,3984.83,3340.5
2024-03-06,4366.2,3334.0
2024-03-05,3100.27,3139.9
2024-03-04,2586.62,3224.09
2024-03-03,2438.56,3393.04
2024-03-02,2664.3,3349.8
2024-03-01,4242.72,3400.74
2024-02-29,3939.3,3094.38
2024-02-28,3007.51,2800.73
2024-02-27,3689.63,2685.0
2024-02-26,3769.27,2699.58
2024-02-25,2135.86,2509.44
2024-02-24,3020.91,2595.9
2024-02-23,2098.21,2425.94
2024-02-22,1883.7,2623.93
2024-02-21,2197.39,2719.4
2024-02-20,3791.7,2824.75
2024-02-19,2438.34,2619.3
2024-02-18,2741.08,2512.6
2024-02-17,1831.18,2537.11
2024-02-16,3484.14,2656.62
2024-02-15,2551.95,2531.73
2024-02-14,2934.89,2552.2
2024-02-13,2353.53,2607.61
2024-02-12,1691.44,2562.77
2024-02-11,2912.61,3000.36
2024-02-10,2667.8,3038.6
2024-02-09,2609.91,3072.13
2024-02-08,2695.25,3194.37
2024-02-07,3322.74,3257.19
2024-02-06,2039.62,3095.43
2024-02-05,4754.61,3129.52
2024-02-04,3180.28,2818.9
2024-02-03,2902.48,2840.68
2024-02-02,3465.61,2726.61
2024-02-01,3134.96,2754.46
2024-01-31,2190.44,2832.72
2024-01-30,2278.25,2847.0
2024-01-29,2580.27,2976.06
2024-01-28,3332.78,3057.29
2024-01-27,2103.99,3034.84
2024-01-26,3660.52,3287.49
2024-01-25,3682.82,3360.69
2024-01-24,2290.34,3183.49
2024-01-23,3181.68,3158.06
2024-01-22,3148.87,3122.15
2024-01-21,3175.69,3042.73
2024-01-20,3872.53,3172.03
2024-01-19,4172.9,3177.29
2024-01-18,2442.4,3078.43
2024-01-17,2112.32,3161.1
2024-01-16,2930.34,3316.54
2024-01-15,2592.91,3396.81
2024-01-14,4080.79,3496.2
2024-01-13,3909.34,3434.21
2024-01-12,3480.88,3275.15
2024-01-11,3021.09,3192.7
2024-01-10,3200.44,3029.31
2024-01-09,3492.24,2861.23
2024-01-08,3288.65,2842.63
2024-01-07,3646.85,2959.42
2024-01-06,2795.92,2877.66
2024-01-05,2903.74,3012.69
2024-01-04,1877.35,3175.03
2024-01-03,2023.87,3341.14
2024-01-02,3362.0,3446.39
2024-01-01,4106.18,3478.66
2023-12-31,3074.54,3236.39
2023-12-30,3741.17,3130.67
2023-12-29,4040.11,3002.94
2023-12-28,3040.13,2801.84
2023-12-27,2760.57,2809.16
2023-12-26,3587.92,2837.65
2023-12-25,2410.26,2881.36
2023-12-24,2334.56,2890.22
2023-12-23,2847.05,2925.15
2023-12-22,2632.38,2863.78
2023-12-21,3091.35,2863.37
2023-12-20,2960.01,2838.17
2023-12-19,3893.89,2797.21
2023-12-18,2472.33,2839.62
2023-12-17,2579.06,2880.44
2023-12-16,2417.42,2897.66
2023-12-15,2629.55,2917.12
2023-12-14,2914.95,3024.62
2023-12-13,2673.29,2869.34
2023-12-12,4190.77,2824.37
2023-12-11,2758.03,2668.24
2023-12-10,2699.59,2852.57
2023-12-09,2553.63,2927.42
2023-12-08,3382.09,2957.26
2023-12-07,1828.0,2748.22
2023-12-06,2358.46,2812.42
2023-12-05,3097.89,2857.57
2023-12-04,4048.34,2910.92
2023-12-03,3223.51,2814.92
2023-12-02,2762.51,2877.4
2023-12-01,1918.83,2927.58
2023-11-30,2277.43,3123.08
2023-11-29,2674.5,3345.19
2023-11-28,3471.3,3282.41
2023-11-27,3376.37,3136.93
2023-11-26,3660.86,3075.56
2023-11-25,3113.79,2809.99
2023-11-24,3287.28,2642.56
2023-11-23,3832.22,2557.72
2023-11-22,2235.02,2405.14
2023-11-21,2452.95,2507.44
2023-11-20,2946.8,2681.6
2023-11-19,1801.87,2718.23
2023-11-18,1941.76,2811.5
2023-11-17,2693.4,2887.72
2023-11-16,2764.21,2823.23
2023-11-15,2951.07,2803.9
2023-11-14,3672.12,2709.72
2023-11-13,3203.18,2519.12
2023-11-12,2454.78,2444.81
2023-11-11,2475.27,2605.93
2023-11-10,2242.0,2687.2
2023-11-09,2628.91,2676.2
2023-11-08,2291.79,2722.15
2023-11-07,2337.89,2855.54
2023-11-06,2683.04,2959.2
2023-11-05,3582.64,2898.44
2023-11-04,3044.1,2721.74
2023-11-03,2165.04,2615.85
2023-11-02,2950.58,2684.81
2023-11-01,3225.47,2737.24
2023-10-31,3063.51,2606.22
2023-10-30,2257.73,2540.42
2023-10-29,2345.75,2578.21
2023-10-28,2302.84,2575.28
2023-10-27,2647.77,2625.8
2023-10-26,3317.6,2618.93
2023-10-25,2308.35,2516.36
2023-10-24,2602.88,2381.57
2023-10-23,2522.27,2569.95
2023-10-22,2325.26,2596.89
2023-10-21,2656.46,2689.72
2023-10-20,2599.68,2672.8
2023-10-19,2599.65,2859.48
2023-10-18,1364.78,3186.29
2023-10-17,3921.56,3423.91
2023-10-16,2710.83,3204.59
2023-10-15,2975.09,3098.9
2023-10-14,2538.03,3005.23
2023-10-13,3906.44,2993.59
2023-10-12,4887.31,2722.17
2023-10-11,3028.11,2414.05
2023-10-10,2386.33,2341.86
2023-10-09,1970.96,2350.17
2023-10-08,2319.4,2476.9
2023-10-07,2456.58,2431.55
2023-10-06,2006.48,2499.63
2023-10-05,2730.51,2627.23
2023-10-04,2522.75,2698.54
2023-10-03,2444.52,2720.0
2023-10-02,2858.06,2717.35
2023-10-01,2001.98,2682.98
2023-09-30,2933.13,2812.68
2023-09-29,2899.66,2634.42
2023-09-28,3229.67,2538.7
2023-09-27,2672.95,2344.71
2023-09-26,2425.98,2317.16
2023-09-25,2617.52,2532.3
2023-09-24,2909.82,2452.5
2023-09-23,1685.37,2345.87
2023-09-22,2229.59,2405.05
2023-09-21,1871.71,2367.41
2023-09-20,2480.1,2524.56
2023-09-19,3932.01,2641.33
2023-09-18,2058.88,2457.47
2023-09-17,2163.46,2604.7
2023-09-16,2099.61,2786.15
2023-09-15,1966.13,2758.95
2023-09-14,2971.72,2797.01
2023-09-13,3297.47,2712.11
2023-09-12,2645.02,2664.43
2023-09-11,3089.52,2806.59
2023-09-10,3433.61,2884.08
2023-09-09,1909.17,2704.98
2023-09-08,2232.53,2801.43
2023-09-07,2377.46,2746.73
2023-09-06,2963.72,2632.11
2023-09-05,3640.15,2556.02
2023-09-04,3631.91,2274.33
2023-09-03,2179.93,2149.95
2023-09-02,2584.28,2200.23
2023-09-01,1849.67,2114.42
2023-08-31,1575.09,2244.46
2023-08-30,2431.11,2476.93
2023-08-29,1668.32,2502.7
2023-08-28,2761.28,2592.95
2023-08-27,2531.83,2494.28
2023-08-26,1983.66,2484.14
2023-08-25,2759.92,2570.41
2023-08-24,3202.39,2514.35
2023-08-23,2611.53,2394.43
2023-08-22,2300.01,2393.65
2023-08-21,2070.61,2392.16
2023-08-20,2460.89,2367.88
2023-08-19,2587.54,2561.51
2023-08-18,2367.5,2419.26
2023-08-17,2362.92,2565.49
2023-08-16,2606.05,2611.75
2023-08-15,2289.59,2615.15
2023-08-14,1900.66,2753.12
2023-08-13,3816.28,2821.88
2023-08-12,1591.8,2626.93
2023-08-11,3391.1,2818.03
2023-08-10,2686.78,2608.12
2023-08-09,2629.87,2512.83
2023-08-08,3255.35,2504.39
2023-08-07,2381.98,2472.48
2023-08-06,2451.64,2472.2
2023-08-05,2929.48,2456.03
2023-08-04,1921.71,2572.04
2023-08-03,2019.75,2613.13
2023-08-02,2570.79,2675.77
2023-08-01,3032.01,2679.13
2023-07-31,2380.04,2561.57
2023-07-30,2338.44,2558.57
2023-07-29,3741.52,2456.5
2023-07-28,2209.37,2256.11
2023-07-27,2458.24,2118.94
2023-07-26,2594.27,1971.94
2023-07-25,2209.11,1923.0
2023-07-24,2359.07,1997.5
2023-07-23,1623.95,2116.28
2023-07-22,2338.79,2384.67
2023-07-21,1249.13,2387.6
2023-07-20,1429.29,2641.44
2023-07-19,2251.64,2756.5
2023-07-18,2730.65,2765.2
2023-07-17,3190.51,2710.31
2023-07-16,3502.66,2602.8
2023-07-15,2359.3,2395.96
2023-07-14,3026.02,2330.28
2023-07-13,2234.74,2234.15
2023-07-12,2312.51,2359.0
2023-07-11,2346.42,2414.88
2023-07-10,2437.94,2383.95
2023-07-09,2054.79,2363.49
2023-07-08,1899.51,2641.51
2023-07-07,2353.12,2667.31
2023-07-06,3108.74,2642.43
2023-07-05,2703.64,2521.24
2023-07-04,2129.93,2551.29
2023-07-03,2294.7,2514.77
2023-07-02,4000.95,2564.99
2023-07-01,2080.07,2224.33
2023-06-30,2178.97,2250.93
2023-06-29,2260.42,2372.83
2023-06-28,2913.97,2321.29
2023-06-27,1874.28,2434.64
2023-06-26,2646.3,2492.9
2023-06-25,1616.31,2484.64
2023-06-24,2266.29,2587.12
2023-06-23,3032.25,2609.95
2023-06-22,1899.63,2453.8
2023-06-21,3707.41,2523.34
2023-06-20,2282.14,2326.94
2023-06-19,2588.44,2275.27
2023-06-18,2333.68,2511.05
2023-06-17,2426.11,2551.61
2023-06-16,1939.16,2806.1
2023-06-15,2386.47,2923.64
2023-06-14,2332.6,2995.53
2023-06-13,1920.41,2969.19
2023-06-12,4238.95,3030.08
2023-06-11,2617.59,2672.84
2023-06-10,4207.51,2509.91
2023-06-09,2761.93,2188.49
2023-06-08,2889.74,2241.38
2023-06-07,2148.23,2203.74
2023-06-06,2346.61,2286.01
2023-06-05,1738.29,2385.15
2023-06-04,1477.07,2474.93
2023-06-03,1957.56,2668.99
2023-06-02,3132.13,2823.1
2023-06-01,2626.29,2664.5
2023-05-31,2724.13,2667.88
2023-05-30,3040.59,2474.98
2023-05-29,2366.75,2305.79
2023-05-28,2835.45,2248.99
2023-05-27,3036.35,2046.98
2023-05-26,2021.95,1916.13
2023-05-25,2649.91,1963.06
2023-05-24,1373.89,1902.34
2023-05-23,1856.21,2075.81
2023-05-22,1969.18,2005.2
2023-05-21,1421.35,1969.36
2023-05-20,2120.45,2039.36
2023-05-19,2350.43,2027.34
2023-05-18,2224.87,2044.45
2023-05-17,2588.19,2018.61
2023-05-16,1361.91,1922.33
2023-05-15,1718.34,1967.83
2023-05-14,1911.33,1911.56
2023-05-13,2036.33,2037.82
2023-05-12,2470.2,2111.73
2023-05-11,2043.96,2006.17
2023-05-10,1914.27,1973.69
2023-05-09,1680.41,2110.01
2023-05-08,1324.4,2199.37
2023-05-07,2795.17,2281.83
2023-05-06,2553.69,2206.36
2023-05-05,1731.31,2134.6
2023-05-04,1816.58,2343.72
2023-05-03,2868.54,2437.33
2023-05-02,2305.87,2491.49
2023-05-01,1901.65,2397.09
2023-04-30,2266.88,2421.77
2023-04-29,2051.35,2342.87
2023-04-28,3195.19,2427.78
2023-04-27,2471.84,2236.92
2023-04-26,3247.63,2323.04
2023-04-25,1645.07,2229.66
2023-04-24,2074.45,2266.37
2023-04-23,1714.59,2347.43
2023-04-22,2645.67,2620.04
2023-04-21,1859.22,2433.92
2023-04-20,3074.65,2428.71
2023-04-19,2593.98,2522.8
2023-04-18,1902.03,2423.98
2023-04-17,2641.89,2419.56
2023-04-16,3622.81,2582.82
2023-04-15,1342.88,2513.39
2023-04-14,1822.74,2758.08
2023-04-13,3733.26,2834.56
2023-04-12,1902.28,2608.8
2023-04-11,1871.09,2641.67
2023-04-10,3784.7,2648.58
2023-04-09,3136.75,2442.72
2023-04-08,3055.73,2408.21
2023-04-07,2358.08,2254.66
2023-04-06,2152.94,2202.8
2023-04-05,2132.37,2152.09
2023-04-04,1919.51,2327.65
2023-04-03,2343.69,2373.59
2023-04-02,2895.16,2324.69
2023-04-01,1980.87,2338.35
2023-03-31,1995.07,2443.3
2023-03-30,1797.97,2471.74
2023-03-29,3361.27,2654.79
2023-03-28,2241.1,2561.24
2023-03-27,2001.37,2522.0
2023-03-26,2990.79,2622.16
2023-03-25,2715.51,2567.87
2023-03-24,2194.2,2701.36
2023-03-23,3079.32,2637.92
2023-03-22,2706.36,2604.72
2023-03-21,1966.48,2505.46
2023-03-20,2702.49,2448.71
2023-03-19,2610.7,2303.55
2023-03-18,3649.94,2216.62
2023-03-17,1750.17,1920.16
2023-03-16,2846.87,2000.43
2023-03-15,2011.54,1842.3
2023-03-14,1569.26,1866.18
2023-03-13,1686.37,1980.59
2023-03-12,2002.17,1988.8
2023-03-11,1574.76,2043.35
2023-03-10,2312.05,2127.33
2023-03-09,1739.93,2212.77
2023-03-08,2178.75,2205.78
2023-03-07,2370.09,2172.19
2023-03-06,1743.83,2123.09
2023-03-05,2384.03,2073.77
2023-03-04,2162.64,2061.64
2023-03-03,2910.1,2015.97
2023-03-02,1691.04,1850.65
2023-03-01,1943.59,1962.77
2023-02-28,2026.42,1920.47
2023-02-27,1398.6,2029.23
2023-02-26,2299.08,2189.56
2023-02-25,1842.94,2178.55
2023-02-24,1752.88,2374.03
2023-02-23,2475.85,2387.93
2023-02-22,1647.5,2426.65
2023-02-21,2787.78,2683.08
2023-02-20,2520.9,2675.19
2023-02-19,2222.03,2684.45
2023-02-18,3211.28,2762.5
2023-02-17,1850.18,2552.82
2023-02-16,2746.9,2531.43
2023-02-15,3442.46,2425.52
2023-02-14,2732.56,2215.69
2023-02-13,2585.77,2121.61
2023-02-12,2768.33,1903.24
2023-02-11,1743.51,1816.97
2023-02-10,1700.51,1822.49
2023-02-09,2005.47,1850.0
2023-02-08,1973.7,1887.81
2023-02-07,2073.97,1869.07
2023-02-06,1057.22,1856.62
2023-02-05,2164.4,2182.29
2023-02-04,1782.19,2260.4
2023-02-03,1893.04,2320.21
2023-02-02,2270.17,2362.6
2023-02-01,1842.47,2373.3
2023-01-31,1986.86,2441.37
2023-01-30,3336.93,2450.69
2023-01-29,2711.15,2304.8
2023-01-28,2200.86,2127.63
2023-01-27,2189.76,2270.18
2023-01-26,2345.07,2384.55
2023-01-25,2318.94,2431.95
2023-01-24,2052.09,2561.34
2023-01-23,2315.73,2576.63
2023-01-22,1470.97,2501.68
2023-01-21,3198.73,2704.65
2023-01-20,2990.32,2523.02
2023-01-19,2676.86,2427.34
2023-01-18,3224.66,2252.18
2023-01-17,2159.11,2022.21
2023-01-16,1791.12,1874.96
2023-01-15,2891.76,1947.6
2023-01-14,1927.33,1892.34
2023-01-13,2320.52,1851.22
2023-01-12,1450.76,1717.81
2023-01-11,1614.86,1807.05
2023-01-10,1128.36,2044.6
2023-01-09,2299.63,2061.83
2023-01-08,2504.93,2065.14
2023-01-07,1639.45,1832.42
2023-01-06,1386.66,1966.6
2023-01-05,2075.46,1957.37
2023-01-04,3277.71,2016.38
2023-01-03,1248.97,1715.56
2023-01-02,2322.82,1870.07
2023-01-01,875.87,1775.76
2022-12-31,2578.72,1843.71
2022-12-30,1322.05,1809.26
2022-12-29,2488.52,1988.88
2022-12-28,1171.97,1864.73
2022-12-27,2330.52,2142.43
2022-12-26,1662.65,2004.93
2022-12-25,1351.54,2091.14
2022-12-24,2337.58,2147.17
2022-12-23,2579.41,1998.1
2022-12-22,1619.42,2051.77
2022-12-21,3115.88,2074.12
2022-12-20,1368.01,1832.53
2022-12-19,2266.12,1829.16
2022-12-18,1743.79,1911.04
2022-12-17,1294.05,1948.28
2022-12-16,2955.13,1905.14
2022-12-15,1775.85,1729.17
2022-12-14,1424.73,1861.44
2022-12-13,1344.44,1829.75
2022-12-12,2839.31,1973.19
2022-12-11,2004.47,1897.79
2022-12-10,992.08,1942.93
2022-12-09,1723.3,2144.44
2022-12-08,2701.73,2233.04
2022-12-07,1202.92,2132.96
2022-12-06,2348.54,2233.14
2022-12-05,2311.52,2163.86
2022-12-04,2320.39,2103.24
2022-12-03,2402.67,2069.01
2022-12-02,2343.52,2094.26
2022-12-01,2001.17,2097.46
2022-11-30,1904.16,2210.5
2022-11-29,1863.57,2317.42
2022-11-28,1887.2,2206.63
2022-11-27,2080.78,2170.3
2022-11-26,2579.44,2240.69
2022-11-25,2365.9,2111.36
2022-11-24,2792.43,2086.24
2022-11-23,2652.59,1993.24
2022-11-22,1088.06,1900.47
2022-11-21,1632.89,2056.52
2022-11-20,2573.55,2248.44
2022-11-19,1674.13,2132.48
2022-11-18,2190.05,2117.62
2022-11-17,2141.44,1971.54
2022-11-16,2003.2,2004.67
2022-11-15,2180.38,2049.97
2022-11-14,2976.3,2110.45
2022-11-13,1761.83,2031.43
2022-11-12,1570.17,2192.68
2022-11-11,1167.45,2292.76
2022-11-10,2373.35,2431.86
2022-11-09,2320.31,2297.77
2022-11-08,2603.77,2162.46
2022-11-07,2423.12,2101.97
2022-11-06,2890.62,2022.73
2022-11-05,2270.72,1772.32
2022-11-04,2141.1,1678.04
2022-11-03,1434.76,1656.28
2022-11-02,1373.14,1697.53
2022-11-01,2180.35,1870.35
2022-10-31,1868.39,1749.53
2022-10-30,1137.77,1733.43
2022-10-29,1610.77,1784.11
2022-10-28,1988.76,1780.77
2022-10-27,1723.51,1638.99
2022-10-26,2582.9,1678.22
2022-10-25,1334.61,1550.68
2022-10-24,1755.71,1598.45
2022-10-23,1492.54,1672.69
2022-10-22,1587.35,1671.56
2022-10-21,996.28,1852.45
2022-10-20,1998.14,1930.83
2022-10-19,1690.14,2015.11
2022-10-18,1668.96,2067.54
2022-10-17,2275.42,2111.36
2022-10-16,1484.65,2040.21
2022-10-15,2853.54,2116.21
2022-10-14,1544.98,2004.09
2022-10-13,2588.1,2097.49
2022-10-12,2057.13,1986.7
2022-10-11,1975.67,1873.22
2022-10-10,1777.42,1797.71
2022-10-09,2016.62,1842.51
2022-10-08,2068.68,1759.16
2022-10-07,2198.78,1724.65
2022-10-06,1812.63,1632.46
2022-10-05,1262.71,1692.14
2022-10-04,1447.11,1904.63
2022-10-03,2091.03,1986.94
2022-10-02,1433.21,1903.68
2022-10-01,1827.06,2006.34
2022-09-30,1553.49,2007.84
2022-09-29,2230.4,2111.27
2022-09-28,2750.14,2150.28
2022-09-27,2023.22,2147.79
2022-09-26,1508.21,2156.32
2022-09-25,2151.87,2179.69
2022-09-24,1837.56,2319.59
2022-09-23,2277.51,2293.83
2022-09-22,2503.44,2185.97
2022-09-21,2732.72,2079.24
2022-09-20,2082.96,1889.26
2022-09-19,1671.79,1756.87
2022-09-18,3131.18,1947.18
2022-09-17,1657.19,1719.31
2022-09-16,1522.49,1804.9
2022-09-15,1756.37,2042.69
2022-09-14,1402.85,2154.78
2022-09-13,1156.19,2248.27
2022-09-12,3003.96,2263.16
2022-09-11,1536.12,2098.53
2022-09-10,2256.31,2267.24
2022-09-09,3187.01,2185.75
2022-09-08,2541.03,1889.58
2022-09-07,2057.25,1789.31
2022-09-06,1260.47,1709.28
2022-09-05,1851.52,1886.65
2022-09-04,2717.1,1923.72
2022-09-03,1685.9,1831.19
2022-09-02,1113.8,1764.4
2022-09-01,1839.12,1903.88
2022-08-31,1497.03,1971.84
2022-08-30,2502.1,2014.63
2022-08-29,2110.96,1936.91
2022-08-28,2069.45,1926.78
2022-08-27,1218.37,1839.98
2022-08-26,2090.1,1974.02
2022-08-25,2314.84,1944.53
2022-08-24,1796.6,1805.36
2022-08-23,1958.05,1926.64
2022-08-22,2040.05,1842.11
2022-08-21,1461.84,1762.51
2022-08-20,2156.66,1788.39
2022-08-19,1883.65,1653.06
2022-08-18,1340.67,1565.86
2022-08-17,2645.55,1556.62
2022-08-16,1366.33,1406.85
2022-08-15,1482.84,1419.85
2022-08-14,1643.03,1388.52
2022-08-13,1209.32,1394.44
2022-08-12,1273.27,1419.6
2022-08-11,1275.98,1533.89
2022-08-10,1597.15,1590.28
2022-08-09,1457.37,1548.76
2022-08-08,1263.52,1630.58
2022-08-07,1684.5,1758.76
2022-08-06,1385.38,1897.3
2022-08-05,2073.36,1867.18
2022-08-04,1670.68,1777.17
2022-08-03,1306.54,1891.28
2022-08-02,2030.11,2031.35
2022-08-01,2160.78,1927.48
2022-07-31,2654.22,1835.74
2022-07-30,1174.54,1771.81
2022-07-29,1443.29,1858.31
2022-07-28,2469.5,1990.0
2022-07-27,2287.04,1895.82
2022-07-26,1302.99,1742.55
2022-07-25,1518.61,1835.62
2022-07-24,2206.68,1783.53
2022-07-23,1780.04,1605.05
2022-07-22,2365.13,1511.89
2022-07-21,1810.23,1344.38
2022-07-20,1214.17,1471.42
2022-07-19,1954.49,1721.31
2022-07-18,1153.97,1750.38
2022-07-17,957.35,1859.0
2022-07-16,1127.91,1938.43
2022-07-15,1192.54,2019.36
2022-07-14,2699.51,2214.93
2022-07-13,2963.43,2083.41
2022-07-12,2157.95,1971.59
2022-07-11,1914.33,1927.96
2022-07-10,1513.35,1978.8
2022-07-09,1694.39,2101.54
2022-07-08,2561.57,2089.47
2022-07-07,1778.84,1964.32
2022-07-06,2180.7,1949.82
2022-07-05,1852.55,1838.76
2022-07-04,2270.18,1800.16
2022-07-03,2372.54,1660.7
2022-07-02,1609.92,1509.82
2022-07-01,1685.49,1634.07
2022-06-30,1677.35,1704.66
2022-06-29,1403.27,1851.13
2022-06-28,1582.39,1882.03
2022-06-27,1293.94,2057.86
2022-06-26,1316.39,2238.51
2022-06-25,2479.63,2193.29
2022-06-24,2179.67,2086.03
2022-06-23,2702.61,2075.19
2022-06-22,1619.6,1874.74
2022-06-21,2813.15,1815.47
2022-06-20,2558.55,1634.57
2022-06-19,999.85,1472.69
2022-06-18,1728.8,1706.79
2022-06-17,2103.76,1673.6
2022-06-16,1299.44,1540.91
2022-06-15,1204.77,1627.39
2022-06-14,1546.8,1688.35
2022-06-13,1425.42,1702.34
2022-06-12,2638.57,1729.52
2022-06-11,1496.42,1507.57
2022-06-10,1174.93,1740.37
2022-06-09,1904.8,1846.21
2022-06-08,1631.54,1870.26
2022-06-07,1644.69,1906.94
2022-06-06,1615.68,1897.94
2022-06-05,1084.96,1896.28
2022-06-04,3125.98,1916.24
2022-06-03,1915.81,1707.66
2022-06-02,2073.18,1565.89
2022-06-01,1888.28,1451.9
2022-05-31,1581.69,1346.6
2022-05-30,1604.03,1317.36
2022-05-29,1224.72,1277.37
2022-05-28,1665.9,1247.02
2022-05-27,923.41,1255.71
2022-05-26,1275.27,1261.95
2022-05-25,1151.21,1308.1
2022-05-24,1376.98,1306.76
2022-05-23,1324.12,1294.42
2022-05-22,1012.27,1300.34
2022-05-21,1726.73,1446.08
2022-05-20,967.1,1403.15
2022-05-19,1598.27,1652.95
2022-05-18,1141.83,1765.24
2022-05-17,1290.63,1819.09
2022-05-16,1365.54,1827.85
2022-05-15,2032.49,1774.06
2022-05-14,1426.21,1670.99
2022-05-13,2715.68,1705.89
2022-05-12,2384.27,1526.3
2022-05-11,1518.8,1376.8
2022-05-10,1351.95,1317.55
2022-05-09,989.05,1244.01
2022-05-08,1310.95,1280.65
2022-05-07,1670.55,1258.78
2022-05-06,1458.53,1327.15
2022-05-05,1337.8,1405.67
2022-05-04,1104.0,1479.3
2022-05-03,837.16,1611.52
2022-05-02,1245.55,1786.03
2022-05-01,1157.88,1769.43
2022-04-30,2149.13,1787.11
2022-04-29,2008.15,1731.83
2022-04-28,1853.24,1822.89
2022-04-27,2029.53,1884.79
2022-04-26,2058.72,1787.06
2022-04-25,1129.38,1687.9
2022-04-24,1281.64,1862.73
2022-04-23,1762.12,1992.81
2022-04-22,2645.62,1945.99
2022-04-21,2286.55,1787.7
2022-04-20,1345.39,1612.06
2022-04-19,1364.59,1536.04
2022-04-18,2353.21,1547.34
2022-04-17,2192.21,1461.09
2022-04-16,1434.38,1440.2
2022-04-15,1537.57,1452.81
2022-04-14,1057.04,1434.51
2022-04-13,813.26,1421.21
2022-04-12,1443.7,1481.27
2022-04-11,1749.46,1505.33
2022-04-10,2045.96,1475.85
2022-04-09,1522.66,1336.73
2022-04-08,1409.46,1279.55
2022-04-07,963.95,1236.99
2022-04-06,1233.7,1370.94
2022-04-05,1612.09,1373.68
2022-04-04,1543.14,1415.71
2022-04-03,1072.08,1354.95
2022-04-02,1122.41,1296.06
2022-04-01,1111.55,1271.93
2022-03-31,1901.59,1425.88
2022-03-30,1252.91,1354.79
2022-03-29,1906.28,1420.09
2022-03-28,1117.81,1345.06
2022-03-27,659.87,1275.13
2022-03-26,953.53,1316.53
2022-03-25,2189.16,1333.31
2022-03-24,1403.95,1225.02
2022-03-23,1710.05,1204.39
2022-03-22,1381.08,1179.43
2022-03-21,628.29,1163.66
2022-03-20,949.65,1288.11
2022-03-19,1071.02,1256.28
2022-03-18,1431.07,1269.87
2022-03-17,1259.56,1277.76
2022-03-16,1535.32,1317.21
2022-03-15,1270.74,1438.37
2022-03-14,1499.44,1361.11
2022-03-13,726.82,1390.01
2022-03-12,1166.16,1447.19
2022-03-11,1486.3,1450.47
2022-03-10,1535.71,1384.22
2022-03-09,2383.44,1327.3
2022-03-08,729.93,1128.93
2022-03-07,1701.68,1210.01
2022-03-06,1127.12,1238.48
2022-03-05,1189.11,1288.89
2022-03-04,1022.54,1424.91
2022-03-03,1137.25,1465.72
2022-03-02,994.89,1510.85
2022-03-01,1297.49,1749.23
2022-02-28,1900.94,1765.6
2022-02-27,1479.98,1787.86
2022-02-26,2141.31,1979.16
2022-02-25,1308.15,2028.92
2022-02-24,1453.16,2055.37
2022-02-23,2663.59,1988.78
2022-02-22,1412.04,1896.3
2022-02-21,2056.82,2044.4
2022-02-20,2819.02,1856.61
2022-02-19,2489.64,1600.09
2022-02-18,1493.29,1454.08
2022-02-17,987.09,1417.88
2022-02-16,2016.17,1502.4
2022-02-15,2448.74,1405.44
2022-02-14,742.33,1234.78
2022-02-13,1023.39,1285.46
2022-02-12,1467.56,1615.23
2022-02-11,1239.86,1880.43
2022-02-10,1578.78,1797.85
2022-02-09,1337.41,1842.31
2022-02-08,1254.1,1847.31
2022-02-07,1097.13,1992.51
2022-02-06,3331.76,2131.75
2022-02-05,3323.96,1932.65
2022-02-04,661.8,1651.74
2022-02-03,1890.01,1801.62
2022-02-02,1372.44,1686.39
2022-02-01,2270.46,1743.89
2022-01-31,2071.83,1614.52
2022-01-30,1938.08,1487.8
2022-01-29,1357.53,1345.53
2022-01-28,1711.01,1415.5
2022-01-27,1083.39,1304.55
2022-01-26,1774.95,1354.02
2022-01-25,1364.84,1554.5
2022-01-24,1184.79,1645.76
2022-01-23,942.17,1608.05
2022-01-22,1847.38,1703.73
2022-01-21,934.35,1584.07
2022-01-20,1429.63,1632.59
2022-01-19,3178.36,1590.45
2022-01-18,2003.66,1399.86
2022-01-17,920.82,1287.43
2022-01-16,1611.93,1379.32
2022-01-15,1009.73,1367.31
2022-01-14,1274.03,1581.32
2022-01-13,1134.63,1648.47
2022-01-12,1844.23,1652.54
2022-01-11,1216.62,1573.09
2022-01-10,1564.05,1635.21
2022-01-09,1527.85,1571.35
2022-01-08,2507.8,1499.64
2022-01-07,1744.12,1280.78
2022-01-06,1163.11,1263.37
2022-01-05,1288.1,1329.78
2022-01-04,1651.43,1281.32
2022-01-03,1117.04,1230.1
2022-01-02,1025.91,1383.79
2022-01-01,975.77,1464.53
2021-12-31,1622.23,1630.05
2021-12-30,1627.99,1581.84
2021-12-29,948.87,1510.97
2021-12-28,1292.91,1544.6
2021-12-27,2192.84,1574.95
2021-12-26,1591.08,1683.36
2021-12-25,2134.42,1613.04
2021-12-24,1284.77,1491.83
2021-12-23,1131.92,1516.21
2021-12-22,1184.26,1516.72
2021-12-21,1505.33,1532.3
2021-12-20,2951.74,1555.89
2021-12-19,1098.82,1402.44
2021-12-18,1286.0,1555.69
2021-12-17,1455.42,1548.86
2021-12-16,1135.45,1564.44
2021-12-15,1293.36,1584.56
2021-12-14,1670.41,1564.61
2021-12-13,1877.6,1489.16
2021-12-12,2171.58,1415.12
2021-12-11,1238.18,1293.31
2021-12-10,1564.5,1269.34
2021-12-09,1276.26,1219.93
2021-12-08,1153.74,1295.37
2021-12-07,1142.24,1274.64
2021-12-06,1359.34,1403.69
2021-12-05,1318.93,1358.2
2021-12-04,1070.35,1356.75
2021-12-03,1218.63,1371.6
2021-12-02,1804.35,1351.34
2021-12-01,1008.65,1237.7
2021-11-30,2045.57,1193.52
2021-11-29,1040.92,1034.4
2021-11-28,1308.8,1028.19
2021-11-27,1174.3,1000.98
2021-11-26,1076.78,910.64
2021-11-25,1008.91,982.55
2021-11-24,699.37,971.4
2021-11-23,931.73,1077.61
2021-11-22,997.44,1024.61
2021-11-21,1118.32,1012.3
2021-11-20,541.92,1134.7
2021-11-19,1580.18,1345.03
2021-11-18,930.86,1277.03
2021-11-17,1442.8,1316.65
2021-11-16,560.73,1400.45
2021-11-15,911.28,1484.01
2021-11-14,1975.12,1608.13
2021-11-13,2014.27,1485.41
2021-11-12,1104.14,1426.1
2021-11-11,1208.2,1461.15
2021-11-10,2029.44,1572.63
2021-11-09,1145.62,1574.15
2021-11-08,1780.13,1649.93
2021-11-07,1116.04,1605.37
2021-11-06,1599.16,1618.46
2021-11-05,1349.47,1581.11
2021-11-04,1988.53,1554.38
2021-11-03,2040.08,1391.61
2021-11-02,1676.13,1216.66
2021-11-01,1468.21,1090.04
2021-10-31,1207.67,1093.51
2021-10-30,1337.69,1149.83
2021-10-29,1162.34,1077.35
2021-10-28,849.14,1073.89
2021-10-27,815.42,1083.25
2021-10-26,789.82,1061.04
2021-10-25,1492.52,1079.62
2021-10-24,1601.9,1077.53
2021-10-23,830.28,1094.24
2021-10-22,1138.12,1208.2
2021-10-21,914.66,1317.01
2021-10-20,659.96,1361.4
2021-10-19,919.87,1380.89
2021-10-18,1477.93,1466.52
2021-10-17,1718.88,1571.27
2021-10-16,1627.98,1458.26
2021-10-15,1899.8,1332.32
2021-10-14,1225.4,1228.55
2021-10-13,796.37,1251.14
2021-10-12,1519.25,1450.65
2021-10-11,2211.2,1319.57
2021-10-10,927.79,1246.88
2021-10-09,746.41,1372.77
2021-10-08,1173.43,1471.08
2021-10-07,1383.53,1541.32
2021-10-06,2192.96,1623.25
2021-10-05,601.64,1490.0
2021-10-04,1702.37,1616.35
2021-10-03,1809.06,1595.27
2021-10-02,1434.59,1560.74
2021-10-01,1665.12,1422.48
2021-09-30,1957.04,1348.49
2021-09-29,1260.16,1293.78
2021-09-28,1486.13,1186.21
2021-09-27,1554.82,1096.68
2021-09-26,1567.3,1037.59
2021-09-25,466.76,1005.86
2021-09-24,1147.2,1098.77
2021-09-23,1574.08,1104.77
2021-09-22,507.21,984.5
2021-09-21,859.39,1051.82
2021-09-20,1141.18,1075.68
2021-09-19,1345.21,995.14
2021-09-18,1117.15,1029.94
2021-09-17,1189.18,975.3
2021-09-16,732.19,896.69
2021-09-15,978.47,915.93
2021-09-14,1026.4,960.21
2021-09-13,577.39,1030.66
2021-09-12,1588.83,1020.15
2021-09-11,734.63,963.93
2021-09-10,638.93,1079.42
2021-09-09,866.84,1289.4
2021-09-08,1288.47,1311.38
2021-09-07,1519.51,1276.24
2021-09-06,503.82,1248.14
2021-09-05,1195.34,1384.04
2021-09-04,1543.01,1357.35
2021-09-03,2108.8,1247.7
2021-09-02,1020.71,1146.32
2021-09-01,1042.49,1126.77
2021-08-31,1322.83,1177.5
2021-08-30,1455.09,1121.01
2021-08-29,1008.51,1079.35
2021-08-28,775.47,1061.62
2021-08-27,1399.12,1121.52
2021-08-26,883.9,1071.24
2021-08-25,1397.59,1201.33
2021-08-24,927.41,1096.28
2021-08-23,1163.43,1027.98
2021-08-22,884.39,977.28
2021-08-21,1194.82,1004.44
2021-08-20,1047.17,1020.87
2021-08-19,1794.47,1143.29
2021-08-18,662.29,1025.23
2021-08-17,449.31,1159.21
2021-08-16,808.48,1330.89
2021-08-15,1074.56,1465.83
2021-08-14,1309.82,1645.23
2021-08-13,1904.12,1640.2
2021-08-12,968.03,1560.27
2021-08-11,1600.17,1502.09
2021-08-10,1651.06,1392.07
2021-08-09,1753.06,1369.66
2021-08-08,2330.33,1294.54
2021-08-07,1274.63,1126.51
2021-08-06,1344.59,1206.31
2021-08-05,560.8,1264.51
2021-08-04,830.0,1324.19
2021-08-03,1494.24,1265.09
2021-08-02,1227.22,1181.81
2021-08-01,1154.07,1250.5
2021-07-31,1833.25,1193.98
2021-07-30,1752.0,1153.49
2021-07-29,978.56,1035.11
2021-07-28,416.28,1045.29
2021-07-27,911.31,1119.88
2021-07-26,1708.02,1125.23
2021-07-25,758.44,982.78
2021-07-24,1549.81,1004.21
2021-07-23,923.36,1002.66
2021-07-22,1049.79,951.35
2021-07-21,938.45,1091.69
2021-07-20,948.77,1232.53
2021-07-19,710.87,1276.8
2021-07-18,908.42,1227.34
2021-07-17,1538.97,1279.72
2021-07-16,564.2,1239.9
2021-07-15,2032.13,1236.69
2021-07-14,1924.34,1044.6
2021-07-13,1258.64,936.11
2021-07-12,364.7,877.34
2021-07-11,1275.06,983.82
2021-07-10,1260.22,952.42
2021-07-09,541.75,1128.85
2021-07-08,687.5,1171.43
2021-07-07,1164.88,1208.32
2021-07-06,847.3,1251.6
2021-07-05,1110.02,1217.11
2021-07-04,1055.28,1171.2
2021-07-03,2495.19,1193.1
2021-07-02,839.87,1004.29
2021-07-01,945.69,1099.33
2021-06-30,1467.83,1068.61
2021-06-29,605.89,1034.47
2021-06-28,788.67,1204.1
2021-06-27,1208.57,1197.18
2021-06-26,1173.54,1167.61
2021-06-25,1505.15,1107.39
2021-06-24,730.59,992.49
2021-06-23,1228.87,933.1
2021-06-22,1793.31,897.83
2021-06-21,740.24,771.76
2021-06-20,1001.57,801.99
2021-06-19,752.02,787.68
2021-06-18,700.85,856.93
2021-06-17,314.86,998.56
2021-06-16,981.94,1107.03
2021-06-15,910.82,1064.82
2021-06-14,951.87,1087.38
2021-06-13,901.43,1164.65
2021-06-12,1236.77,1140.92
2021-06-11,1692.23,1234.36
2021-06-10,1074.15,1127.58
2021-06-09,686.46,1097.37
2021-06-08,1068.73,1104.44
2021-06-07,1492.78,1096.81
2021-06-06,735.34,971.88
2021-06-05,1890.85,971.65
2021-06-04,944.73,928.02
2021-06-03,862.73,997.62
2021-06-02,735.9,1028.34
2021-06-01,1015.33,1058.05
2021-05-31,618.3,1093.79
2021-05-30,733.74,1187.06
2021-05-29,1585.38,1243.76
2021-05-28,1431.96,1177.06
2021-05-27,1077.74,1261.31
2021-05-26,943.88,1280.65
2021-05-25,1265.5,1375.57
2021-05-24,1271.21,1370.92
2021-05-23,1130.68,1297.06
2021-05-22,1118.46,1283.92
2021-05-21,2021.72,1254.11
2021-05-20,1213.08,1125.61
2021-05-19,1608.32,1086.56
2021-05-18,1232.99,899.0
2021-05-17,754.17,877.88
2021-05-16,1038.72,821.62
2021-05-15,909.74,801.16
2021-05-14,1122.22,745.7
2021-05-13,939.79,798.3
2021-05-12,295.35,758.53
2021-05-11,1085.15,939.49
2021-05-10,360.4,911.48
2021-05-09,895.45,1010.49
2021-05-08,521.51,1003.62
2021-05-07,1490.42,1075.67
2021-05-06,661.43,1047.43
2021-05-05,1562.05,1079.91
2021-05-04,889.13,971.04
2021-05-03,1053.41,985.61
2021-05-02,847.36,934.06
2021-05-01,1025.87,1003.39
2021-04-30,1292.77,997.66
2021-04-29,888.79,1051.21
2021-04-28,799.95,1069.27
2021-04-27,991.13,1155.12
2021-04-26,692.52,1080.19
2021-04-25,1332.73,1137.85
2021-04-24,985.7,1103.16
2021-04-23,1667.62,1056.59
2021-04-22,1015.23,928.32
2021-04-21,1400.92,943.03
2021-04-20,466.6,1016.64
2021-04-19,1096.15,1125.79
2021-04-18,1089.89,1090.63
2021-04-17,659.7,1058.03
2021-04-16,769.76,1128.08
2021-04-15,1118.22,1102.47
2021-04-14,1916.15,1118.82
2021-04-13,1230.64,1004.37
2021-04-12,850.06,955.59
2021-04-11,861.68,962.74
2021-04-10,1150.03,1047.32
2021-04-09,590.51,1006.52
2021-04-08,1232.68,1019.75
2021-04-07,1114.97,919.88
2021-04-06,889.22,891.37
2021-04-05,900.07,842.35
2021-04-04,1453.78,844.49
2021-04-03,864.38,717.45
2021-04-02,683.16,777.44
2021-04-01,533.56,881.11
2021-03-31,915.43,939.76
2021-03-30,546.09,843.02
2021-03-29,915.04,885.48
2021-03-28,564.47,898.52
2021-03-27,1284.36,882.62
2021-03-26,1408.81,746.5
2021-03-25,944.11,682.05
2021-03-24,238.29,626.56
2021-03-23,843.25,731.62
2021-03-22,1006.32,709.24
2021-03-21,453.2,661.63
2021-03-20,331.51,713.58
2021-03-19,957.66,737.28
2021-03-18,555.7,752.06
2021-03-17,973.69,738.59
2021-03-16,686.62,682.5
2021-03-15,673.03,689.1
2021-03-14,816.82,859.36
2021-03-13,497.42,877.6
2021-03-12,1061.16,884.94
2021-03-11,461.38,838.52
2021-03-10,581.1,834.42
2021-03-09,732.77,909.8
2021-03-08,1864.89,903.97
2021-03-07,944.48,836.45
2021-03-06,548.78,791.47
2021-03-05,736.25,961.69
2021-03-04,432.68,922.14
2021-03-03,1108.76,988.63
2021-03-02,691.93,1034.17
2021-03-01,1392.27,1085.45
2021-02-28,629.61,992.95
2021-02-27,1740.32,1034.64
2021-02-26,459.4,1007.77
2021-02-25,898.12,1082.64
2021-02-24,1427.56,1043.64
2021-02-23,1050.89,963.13
2021-02-22,744.72,931.84
2021-02-21,921.49,895.34
2021-02-20,1552.2,854.64
2021-02-19,983.52,692.77
2021-02-18,625.11,649.78
2021-02-17,863.98,633.68
2021-02-16,831.89,680.01
2021-02-15,489.17,768.21
2021-02-14,636.61,818.51
2021-02-13,419.09,805.97
2021-02-12,682.62,850.8
2021-02-11,512.39,1026.92
2021-02-10,1188.3,1117.52
2021-02-09,1449.3,1034.75
2021-02-08,841.29,879.01
2021-02-07,548.81,851.48
2021-02-06,732.91,828.95
2021-02-05,1915.47,841.5
2021-02-04,1146.56,628.75
2021-02-03,608.93,575.78
2021-02-02,359.13,601.61
2021-02-01,648.52,660.6
2021-01-31,391.1,633.86
2021-01-30,820.81,752.54
2021-01-29,426.2,746.74
2021-01-28,775.77,811.44
2021-01-27,789.76,822.05
2021-01-26,772.02,806.91
2021-01-25,461.38,751.74
2021-01-24,1221.86,769.85
2021-01-23,780.16,776.29
2021-01-22,879.15,817.33
2021-01-21,850.05,852.86
2021-01-20,683.75,853.29
2021-01-19,385.86,851.33
2021-01-18,588.12,910.73
2021-01-17,1266.95,941.96
2021-01-16,1067.46,951.77
2021-01-15,1127.81,887.73
2021-01-14,853.05,954.39
2021-01-13,670.07,963.43
2021-01-12,801.67,1004.98
2021-01-11,806.71,931.5
2021-01-10,1335.63,938.42
2021-01-09,619.2,889.37
2021-01-08,1594.42,902.59
2021-01-07,916.34,731.95
2021-01-06,960.89,686.9
2021-01-05,287.32,626.95
2021-01-04,855.15,744.49
2021-01-03,992.25,717.68
2021-01-02,711.78,652.98
2021-01-01,399.9,701.24
2020-12-31,601.04,715.26
2020-12-30,541.24,719.37
2020-12-29,1110.07,804.08
2020-12-28,667.45,791.56
2020-12-27,539.39,787.4
2020-12-26,1049.6,757.87
2020-12-25,498.0,661.09
2020-12-24,629.87,711.3
2020-12-23,1134.17,745.42
2020-12-22,1022.43,659.28
2020-12-21,638.35,587.88
2020-12-20,332.67,627.67
2020-12-19,372.13,718.59
2020-12-18,849.45,766.88
2020-12-17,868.76,796.7
2020-12-16,531.16,838.81
2020-12-15,522.62,812.18
2020-12-14,916.88,932.54
2020-12-13,969.1,906.86
2020-12-12,710.18,963.29
2020-12-11,1058.22,1055.13
2020-12-10,1163.52,1029.5
2020-12-09,344.73,992.15
2020-12-08,1365.17,1010.42
2020-12-07,737.07,1022.11
2020-12-06,1364.12,993.36
2020-12-05,1353.11,968.46
2020-12-04,878.75,1036.12
2020-12-03,902.11,956.0
2020-12-02,472.63,896.69
2020-12-01,1446.95,915.33
2020-11-30,535.82,833.7
2020-11-29,1189.85,845.06
2020-11-28,1826.75,767.08
2020-11-27,317.88,622.71
2020-11-26,486.96,663.14
2020-11-25,603.07,694.75
2020-11-24,875.56,753.08
2020-11-23,615.34,731.83
2020-11-22,644.01,716.14
2020-11-21,816.18,732.32
2020-11-20,600.83,769.93
2020-11-19,708.24,833.93
2020-11-18,1011.4,774.47
2020-11-17,726.8,754.31
2020-11-16,505.55,741.61
2020-11-15,757.24,708.31
2020-11-14,1079.44,662.42
2020-11-13,1048.82,592.91
2020-11-12,292.06,534.07
2020-11-11,870.26,657.26
2020-11-10,637.9,620.63
2020-11-09,272.48,605.67
2020-11-08,435.97,631.97
2020-11-07,592.91,647.22
2020-11-06,636.94,659.63
2020-11-05,1154.34,626.67
2020-11-04,613.85,539.49
2020-11-03,533.19,556.49
2020-11-02,456.59,622.74
2020-11-01,542.74,659.75
2020-10-31,679.75,786.76
2020-10-30,406.25,819.26
2020-10-29,544.04,926.25
2020-10-28,732.9,969.83
2020-10-27,996.88,970.46
2020-10-26,715.72,898.3
2020-10-25,1431.78,828.19
2020-10-24,907.28,740.79
2020-10-23,1155.13,689.85
2020-10-22,849.12,704.49
2020-10-21,737.33,695.52
2020-10-20,491.73,678.38
2020-10-19,224.97,714.15
2020-10-18,819.98,858.17
2020-10-17,550.66,918.26
2020-10-16,1257.64,1009.75
2020-10-15,786.31,902.85
2020-10-14,617.4,927.12
2020-10-13,742.1,891.69
2020-10-12,1233.12,814.67
2020-10-11,1240.61,799.07
2020-10-10,1191.07,712.5
2020-10-09,509.37,713.04
2020-10-08,956.14,761.4
2020-10-07,369.42,724.99
2020-10-06,202.93,768.42
2020-10-05,1123.97,863.81
2020-10-04,634.57,771.95
2020-10-03,1194.9,768.28
2020-10-02,847.88,652.97
2020-10-01,701.25,606.55
2020-09-30,673.46,601.99
2020-09-29,870.65,632.93
2020-09-28,480.96,631.14
2020-09-27,608.87,680.19
2020-09-26,387.72,782.66
2020-09-25,522.92,846.71
2020-09-24,669.33,894.41
2020-09-23,890.04,888.31
2020-09-22,858.15,788.02
2020-09-21,824.27,753.13
2020-09-20,1326.18,679.89
2020-09-19,836.06,602.16
2020-09-18,856.82,524.63
2020-09-17,626.68,449.28
2020-09-16,188.0,481.7
2020-09-15,613.93,625.17
2020-09-14,311.58,595.89
2020-09-13,782.05,694.4
2020-09-12,293.38,701.11
2020-09-11,329.37,877.17
2020-09-10,853.61,869.22
2020-09-09,1192.28,833.87
2020-09-08,408.96,719.67
2020-09-07,1001.13,734.41
2020-09-06,829.02,675.54
2020-09-05,1525.79,632.81
2020-09-04,273.76,563.32
2020-09-03,606.13,541.3
2020-09-02,392.88,534.9
2020-09-01,512.17,536.26
2020-08-31,589.0,572.78
2020-08-30,529.95,564.47
2020-08-29,1039.38,695.72
2020-08-28,119.62,617.15
2020-08-27,561.29,656.04
2020-08-26,402.38,702.04
2020-08-25,767.82,695.87
2020-08-24,530.85,712.66
2020-08-23,1448.71,712.3
2020-08-22,489.35,556.22
2020-08-21,391.9,596.85
2020-08-20,883.27,653.05
2020-08-19,359.17,682.48
2020-08-18,885.4,747.6
2020-08-17,528.27,657.08
2020-08-16,356.16,694.66
2020-08-15,773.8,703.75
2020-08-14,785.28,688.76
2020-08-13,1089.27,604.05
2020-08-12,815.0,552.52
2020-08-11,251.75,545.54
2020-08-10,791.35,688.45
2020-08-09,419.8,653.5
2020-08-08,668.84,665.02
2020-08-07,192.36,685.42
2020-08-06,728.52,766.76
2020-08-05,766.13,726.34
2020-08-04,1252.12,774.04
2020-08-03,546.71,676.83
2020-08-02,500.45,631.93
2020-08-01,811.63,671.99
2020-07-31,761.76,641.38
2020-07-30,445.57,767.88
2020-07-29,1100.03,760.49
2020-07-28,571.68,682.17
2020-07-27,232.37,673.49
2020-07-26,780.92,671.92
2020-07-25,597.36,757.13
2020-07-24,1647.25,736.92
2020-07-23,393.84,639.97
2020-07-22,551.79,670.73
2020-07-21,510.9,729.31
2020-07-20,221.41,759.43
2020-07-19,1377.39,741.65
2020-07-18,455.87,613.58
2020-07-17,968.62,597.98
2020-07-16,609.15,471.6
2020-07-15,961.84,478.33
2020-07-14,721.71,405.6
2020-07-13,96.98,507.42
2020-07-12,480.87,534.78
2020-07-11,346.66,581.54
2020-07-10,84.0,604.52
2020-07-09,656.26,698.81
2020-07-08,452.71,658.97
2020-07-07,1434.47,634.65
2020-07-06,288.48,521.18
2020-07-05,808.22,582.63
2020-07-04,507.51,529.25
2020-07-03,743.99,567.95
2020-07-02,377.39,577.85
2020-07-01,282.48,629.2
2020-06-30,640.18,650.23
2020-06-29,718.63,702.64
2020-06-28,434.56,640.9
2020-06-27,778.39,716.0
2020-06-26,813.3,657.01
2020-06-25,736.85,573.54
2020-06-24,429.67,607.87
2020-06-23,1007.11,590.05
2020-06-22,286.44,599.8
2020-06-21,960.25,677.56
2020-06-20,365.46,637.48
2020-06-19,229.0,767.58
2020-06-18,977.17,825.2
2020-06-17,304.89,726.67
2020-06-16,1075.36,752.45
2020-06-15,830.78,743.65
2020-06-14,679.71,693.96
2020-06-13,1276.17,674.9
2020-06-12,632.29,546.19
2020-06-11,287.51,505.43
2020-06-10,485.33,535.13
2020-06-09,1013.78,508.93
2020-06-08,482.92,456.94
2020-06-07,546.31,431.62
2020-06-06,375.19,407.7
2020-06-05,346.94,374.49
2020-06-04,495.46,341.46
2020-06-03,301.92,353.52
2020-06-02,649.82,454.62
2020-06-01,305.73,458.92
2020-05-31,378.82,500.24
2020-05-30,142.75,523.68
2020-05-29,115.73,564.39
2020-05-28,579.87,612.17
2020-05-27,1009.59,564.66
2020-05-26,679.98,463.44
2020-05-25,594.91,448.81
2020-05-24,542.96,427.73
2020-05-23,427.67,376.15
2020-05-22,450.21,384.9
2020-05-21,247.33,339.98
2020-05-20,301.05,413.87
2020-05-19,577.53,421.82
2020-05-18,447.34,388.31
2020-05-17,181.9,439.24
2020-05-16,488.91,487.36
2020-05-15,135.77,519.64
2020-05-14,764.61,678.01
2020-05-13,356.7,736.88
2020-05-12,342.95,736.71
2020-05-11,803.82,810.21
2020-05-10,518.76,770.78
2020-05-09,714.88,777.89
2020-05-08,1244.35,726.36
2020-05-07,1176.71,589.9
2020-05-06,355.49,478.87
2020-05-05,857.48,496.67
2020-05-04,527.77,492.43
2020-05-03,568.56,451.03
2020-05-02,354.13,451.87
2020-05-01,289.16,446.76
2020-04-30,399.47,498.58
2020-04-29,480.13,545.17
2020-04-28,827.8,537.85
2020-04-27,237.96,532.45
2020-04-26,574.45,553.56
2020-04-25,318.37,564.63
2020-04-24,651.91,630.75
2020-04-23,725.55,565.19
2020-04-22,428.91,496.91
2020-04-21,790.03,516.97
2020-04-20,385.69,537.24
2020-04-19,651.97,565.46
2020-04-18,781.19,624.23
2020-04-17,192.98,571.52
2020-04-16,247.6,613.49
2020-04-15,569.36,634.47
2020-04-14,931.91,617.44
2020-04-13,583.19,602.22
2020-04-12,1063.35,613.18
2020-04-11,412.27,515.74
2020-04-10,486.74,491.7
2020-04-09,394.45,520.03
2020-04-08,450.19,570.56
2020-04-07,825.32,553.91
2020-04-06,659.94,480.81
2020-04-05,381.3,437.85
2020-04-04,243.98,467.4
2020-04-03,685.05,522.83
2020-04-02,748.11,452.48
2020-04-01,333.7,519.58
2020-03-31,313.59,553.83
2020-03-30,359.2,569.17
2020-03-29,588.16,566.49
2020-03-28,632.03,517.81
2020-03-27,192.56,509.01
2020-03-26,1217.83,522.31
2020-03-25,573.42,437.1
2020-03-24,420.97,465.66
2020-03-23,340.46,493.01
2020-03-22,247.39,473.01
2020-03-21,570.44,515.98
2020-03-20,285.63,492.8
2020-03-19,621.41,467.22
2020-03-18,773.29,484.07
2020-03-17,612.47,497.74
2020-03-16,200.41,511.36
2020-03-15,548.23,528.11
2020-03-14,408.14,521.35
2020-03-13,106.58,555.34
2020-03-12,739.35,598.45
2020-03-11,868.97,526.39
2020-03-10,707.87,491.02
2020-03-09,317.6,494.94
2020-03-08,500.94,522.84
2020-03-07,646.06,567.03
2020-03-06,408.34,570.75
2020-03-05,234.97,622.75
2020-03-04,621.39,636.31
2020-03-03,735.31,584.8
2020-03-02,512.89,542.9
2020-03-01,810.27,556.04
2020-02-29,672.05,591.11
2020-02-28,772.35,560.81
2020-02-27,329.88,499.33
2020-02-26,260.84,457.2
2020-02-25,442.05,472.6
2020-02-24,604.86,574.12
2020-02-23,1055.77,543.24
2020-02-22,459.95,455.27
2020-02-21,341.96,445.61
2020-02-20,35.0,421.4
2020-02-19,368.63,549.25
2020-02-18,1152.69,566.09
2020-02-17,388.65,443.84
2020-02-16,439.98,462.96
2020-02-15,392.33,463.13
2020-02-14,172.54,466.52
2020-02-13,929.94,528.17
2020-02-12,486.5,512.66
2020-02-11,296.97,560.0
2020-02-10,522.47,598.28
2020-02-09,441.18,567.73
2020-02-08,416.01,542.27
2020-02-07,604.12,498.69
2020-02-06,821.37,448.23
2020-02-05,817.86,434.52
2020-02-04,564.95,345.1
2020-02-03,308.62,286.54
2020-02-02,262.94,265.84
2020-02-01,110.95,303.97
2020-01-31,250.93,323.4
2020-01-30,725.41,330.03
2020-01-29,191.93,250.0
2020-01-28,154.98,266.28
2020-01-27,163.72,312.31
2020-01-26,529.86,380.97
2020-01-25,246.94,392.16
2020-01-24,297.37,373.85
2020-01-23,165.22,391.77
2020-01-22,305.9,474.47
2020-01-21,477.15,546.16
2020-01-20,644.32,516.92
2020-01-19,608.21,462.89
2020-01-18,118.75,451.05
2020-01-17,422.83,470.2
2020-01-16,744.16,463.21
2020-01-15,807.7,362.47
2020-01-14,272.45,331.49
2020-01-13,266.13,382.17
2020-01-12,525.32,408.07
2020-01-11,252.84,401.24
2020-01-10,373.87,443.3
2020-01-09,39.0,495.44
2020-01-08,590.8,497.73
2020-01-07,627.26,458.21
2020-01-06,447.43,401.33
2020-01-05,477.48,360.8
2020-01-04,547.29,325.08
2020-01-03,738.85,289.9
2020-01-02,55.0,185.77
2020-01-01,314.15,227.93
2019-12-31,229.1,221.61
2019-12-30,163.74,217.92
2019-12-29,227.41,222.53
2019-12-28,301.05,275.24
2019-12-27,9.95,368.45
2019-12-26,350.13,439.02
2019-12-25,269.86,406.7
2019-12-24,203.32,405.46
2019-12-23,196.0,413.44
2019-12-22,596.34,399.93
2019-12-21,953.56,358.58
2019-12-20,503.94,222.36
2019-12-19,123.89,253.21
2019-12-18,261.18,280.42
2019-12-17,259.18,289.05
2019-12-16,101.4,285.61
2019-12-15,306.93,284.59
2019-12-14,0.0,320.68
2019-12-13,719.87,401.82
2019-12-12,314.41,361.55
2019-12-11,321.56,426.35
2019-12-10,235.07,456.62
2019-12-09,94.31,522.85
2019-12-08,559.55,529.59
2019-12-07,567.98,471.08
2019-12-06,437.96,462.99
2019-12-05,768.04,488.77
2019-12-04,533.45,386.97
2019-12-03,698.66,324.9
2019-12-02,141.49,264.02
2019-12-01,149.99,298.58
2019-11-30,511.33,283.29
2019-11-29,618.43,251.67
2019-11-28,55.45,189.56
2019-11-27,98.95,228.33
2019-11-26,272.47,240.9
2019-11-25,383.43,231.26
2019-11-24,43.0,204.58
2019-11-23,289.96,283.5
2019-11-22,183.63,259.38
2019-11-21,326.9,254.04
2019-11-20,186.92,258.05
2019-11-19,205.0,270.04
2019-11-18,196.66,265.31
2019-11-17,595.4,252.79
2019-11-16,121.14,206.44
2019-11-15,146.27,252.61
2019-11-14,354.93,269.14
2019-11-13,270.85,243.44
2019-11-12,171.93,278.82
2019-11-11,109.0,316.18
2019-11-10,270.99,422.02
2019-11-09,444.32,448.68
2019-11-08,261.93,424.0
2019-11-07,175.09,436.79
2019-11-06,518.48,455.26
2019-11-05,433.45,429.34
2019-11-04,849.87,388.59
2019-11-03,457.64,326.85
2019-11-02,271.55,281.47
2019-11-01,351.43,281.75
2019-10-31,304.38,255.48
2019-10-30,337.08,231.92
2019-10-29,148.19,208.47
2019-10-28,417.7,249.16
2019-10-27,139.99,243.63
2019-10-26,273.48,240.92
2019-10-25,167.52,229.78
2019-10-24,139.49,239.84
2019-10-23,172.95,247.1
2019-10-22,433.0,231.97
2019-10-21,378.99,181.82
2019-10-20,120.98,166.24
2019-10-19,195.56,200.17
2019-10-18,237.89,200.31
2019-10-17,190.36,194.18
2019-10-16,67.0,263.0
2019-10-15,81.94,261.49
2019-10-14,269.97,284.63
2019-10-13,358.48,254.2
2019-10-12,196.55,229.42
2019-10-11,194.99,227.58
2019-10-10,672.09,250.48
2019-10-09,56.43,201.15
2019-10-08,243.89,235.45
2019-10-07,56.99,241.89
2019-10-06,184.99,329.88
2019-10-05,183.65,323.25
2019-10-04,355.3,407.9
2019-10-03,326.82,380.07
2019-10-02,296.5,394.73
2019-10-01,289.0,397.94
2019-09-30,672.9,398.01
2019-09-29,138.56,380.73
2019-09-28,776.2,383.04
2019-09-27,160.49,292.63
2019-09-26,429.44,319.73
2019-09-25,318.99,314.95
2019-09-24,289.48,328.84
2019-09-23,551.96,339.26
2019-09-22,154.75,307.85
2019-09-21,143.3,350.02
2019-09-20,350.21,414.69
2019-09-19,395.98,393.79
2019-09-18,416.18,351.19
2019-09-17,362.43,340.4
2019-09-16,332.09,361.42
2019-09-15,449.98,354.55
2019-09-14,595.94,300.98
2019-09-13,203.93,240.95
2019-09-12,97.8,232.95
2019-09-11,340.63,277.41
2019-09-10,509.6,324.26
2019-09-09,283.98,279.1
2019-09-08,75.0,251.4
2019-09-07,175.7,256.26
2019-09-06,147.95,259.71
2019-09-05,409.0,242.78
2019-09-04,668.59,208.68
2019-09-03,193.47,133.24
2019-09-02,90.12,128.25
2019-09-01,108.98,142.45
2019-08-31,199.87,203.57
2019-08-30,29.45,241.09
2019-08-29,170.28,274.45
2019-08-28,140.51,311.54
2019-08-27,158.54,343.69
2019-08-26,189.5,381.78
2019-08-25,536.87,392.49
2019-08-24,462.5,349.65
2019-08-23,262.96,337.5
2019-08-22,429.93,401.43
2019-08-21,365.56,346.98
2019-08-20,425.13,309.77
2019-08-19,264.48,258.41
2019-08-18,236.98,237.54
2019-08-17,377.46,235.54
2019-08-16,710.49,222.4
2019-08-15,48.77,137.18
2019-08-14,105.09,165.69
2019-08-13,65.6,165.53
2019-08-12,118.4,226.66
2019-08-11,223.0,249.45
2019-08-10,285.47,246.02
2019-08-09,113.9,291.88
2019-08-08,248.39,298.32
2019-08-07,103.95,295.68
2019-08-06,493.52,283.1
2019-08-05,277.94,216.24
2019-08-04,198.94,211.24
2019-08-03,606.5,257.43
2019-08-02,158.97,209.2
2019-08-01,229.93,213.88
2019-07-31,15.9,249.7
2019-07-30,25.49,260.0
2019-07-29,242.97,288.5
2019-07-28,522.24,274.64
2019-07-27,268.92,200.04
2019-07-26,191.72,180.54
2019-07-25,480.65,160.35
2019-07-24,87.98,132.15
2019-07-23,224.99,153.58
2019-07-22,145.99,165.57
2019-07-21,0.0,196.36
2019-07-20,132.45,218.93
2019-07-19,50.38,223.5
2019-07-18,283.27,244.28
2019-07-17,238.0,234.87
2019-07-16,308.93,224.8
2019-07-15,361.5,314.94
2019-07-14,157.95,312.44
2019-07-13,164.49,300.59
2019-07-12,195.81,347.26
2019-07-11,217.43,329.69
2019-07-10,167.47,327.33
2019-07-09,939.94,323.76
2019-07-08,343.98,200.79
2019-07-07,74.99,173.79
2019-07-06,491.19,174.01
2019-07-05,72.84,110.98
2019-07-04,200.9,116.83
2019-07-03,142.5,104.09
2019-07-02,79.12,164.45
2019-07-01,154.97,179.28
2019-06-30,76.52,224.28
2019-06-29,49.99,251.7
2019-06-28,113.79,244.56
2019-06-27,111.74,275.76
2019-06-26,565.02,265.08
2019-06-25,182.92,184.36
2019-06-24,469.95,171.0
2019-06-23,268.51,122.44
2019-06-22,0.0,93.44
2019-06-21,332.17,151.49
2019-06-20,37.0,142.11
2019-06-19,0.0,145.82
2019-06-18,89.38,171.81
2019-06-17,130.0,159.04
2019-06-16,65.5,204.29
2019-06-15,406.4,276.17
2019-06-14,266.47,223.83
2019-06-13,62.99,195.76
2019-06-12,181.92,232.76
2019-06-11,0.0,218.34
2019-06-10,446.75,224.05
2019-06-09,568.67,178.66
2019-06-08,39.99,130.45
2019-06-07,69.98,162.36
2019-06-06,322.0,179.35
2019-06-05,80.99,134.34
2019-06-04,39.99,127.58
2019-06-03,129.0,121.87
2019-06-02,231.19,138.59
2019-06-01,263.4,111.72
2019-05-31,188.85,83.64
2019-05-30,6.99,115.83
2019-05-29,33.67,120.47
2019-05-28,0.0,133.8
2019-05-27,246.0,150.11
2019-05-26,43.13,118.54
2019-05-25,66.86,115.52
2019-05-24,414.13,126.24
2019-05-23,39.5,70.08
2019-05-22,126.98,64.44
2019-05-21,114.16,74.29
2019-05-20,25.0,57.99
2019-05-19,21.99,99.98
2019-05-18,141.94,108.7
2019-05-17,20.98,92.7
2019-05-16,0.0,113.61
2019-05-15,195.99,121.91
2019-05-14,0.0,97.91
2019-05-13,318.96,109.34
2019-05-12,83.0,63.77
2019-05-11,29.95,76.45
2019-05-10,167.4,89.46
2019-05-09,58.1,79.83
2019-05-08,27.99,75.53
2019-05-07,79.95,77.03
2019-05-06,0.0,68.47
2019-05-05,171.77,85.84
2019-05-04,121.0,64.86
2019-05-03,100.02,57.57
2019-05-02,27.99,49.85
2019-05-01,38.49,59.05
2019-04-30,20.0,56.55
2019-04-29,121.59,68.58
2019-04-28,24.95,71.35
2019-04-27,69.95,110.64
2019-04-26,46.0,127.46
2019-04-25,92.4,143.03
2019-04-24,20.99,137.97
2019-04-23,104.16,153.96
2019-04-22,141.0,169.79
2019-04-21,300.0,165.36
2019-04-20,187.67,122.5
2019-04-19,155.02,95.69
2019-04-18,56.96,102.12
2019-04-17,132.93,110.4
2019-04-16,214.93,94.91
2019-04-15,110.0,64.21
2019-04-14,0.0,64.69
2019-04-13,0.0,70.83
2019-04-12,199.99,80.55
2019-04-11,114.95,51.98
2019-04-10,24.5,35.55
2019-04-09,0.0,54.87
2019-04-08,113.4,54.87
2019-04-07,42.98,50.28
2019-04-06,68.0,44.14
2019-04-05,0.0,52.97
2019-04-04,0.0,52.97
2019-04-03,159.74,52.97
2019-04-02,0.0,38.58
2019-04-01,81.27,129.15
2019-03-31,0.0,124.68
2019-03-30,129.79,124.68
2019-03-29,0.0,106.14
2019-03-28,0.0,162.57
2019-03-27,59.0,170.17
2019-03-26,634.0,161.74
2019-03-25,49.99,71.17
2019-03-24,0.0,162.15
2019-03-23,0.0,201.51
2019-03-22,395.0,222.96
2019-03-21,53.18,188.1
2019-03-20,0.0,213.02
2019-03-19,0.0,229.87
2019-03-18,686.84,240.59
2019-03-17,275.53,151.32
2019-03-16,150.16,134.1
2019-03-15,151.0,135.59
2019-03-14,227.64,127.95
2019-03-13,117.95,118.29
2019-03-12,74.99,101.44
2019-03-11,61.99,100.01
2019-03-10,155.0,105.23
2019-03-09,160.59,84.37
2019-03-08,97.51,65.0
2019-03-07,159.99,51.07
2019-03-06,0.0,28.22
2019-03-05,65.0,33.5
2019-03-04,98.53,30.64
2019-03-03,8.99,16.57
2019-03-02,25.0,20.14
2019-03-01,0.0,30.78
2019-02-28,0.0,47.64
2019-02-27,36.99,47.64
2019-02-26,45.0,59.12
2019-02-25,0.0,112.84
2019-02-24,34.0,125.41
2019-02-23,99.5,130.29
2019-02-22,117.97,147.86
2019-02-21,0.0,143.79
2019-02-20,117.4,151.68
2019-02-19,421.0,144.43
2019-02-18,87.99,84.29
2019-02-17,68.16,71.72
2019-02-16,222.49,61.98
2019-02-15,89.5,30.2
2019-02-14,55.2,39.65
2019-02-13,66.7,41.48
2019-02-12,0.0,31.95
2019-02-11,0.0,38.38
2019-02-10,0.0,38.38
2019-02-09,0.0,38.38
2019-02-08,155.67,53.23
2019-02-07,67.99,30.99
2019-02-06,0.0,21.28
2019-02-05,44.99,21.28
2019-02-04,0.0,14.85
2019-02-03,0.0,14.85
2019-02-02,103.95,14.85
2019-02-01,0.0,0.0
2019-01-31,0.0,0.0
2019-01-30,0.0,0.0
2019-01-29,0.0,0.0
2019-01-28,0.0,0.0
2019-01-27,0.0,11.93
2019-01-26,0.0,11.93
2019-01-25,0.0,18.36
2019-01-24,0.0,20.07
2019-01-23,0.0,20.07
2019-01-22,0.0,20.07
2019-01-21,83.5,20.07
2019-01-20,0.0,8.14
2019-01-19,44.99,8.14
2019-01-18,11.99,1.71
2019-01-17,0.0,0.0
2019-01-16,0.0,7.86
2019-01-15,0.0,19.21
2019-01-14,0.0,22.42
2019-01-13,0.0,26.9
2019-01-12,0.0,33.63
2019-01-11,0.0,44.83
2019-01-10,55.0,67.25
2019-01-09,79.5,79.5